wfo,phenomena,metric,baseline,value_2025,delta,pval,n_base,n_25,lat,lon
ABQ,TO,FAR,0.8582089552238806,0.6428571428571428,-0.21535181236673784,0.037518501384476835,134,14,35.03,-106.62
ABR,TO,FAR,0.6742424242424243,0.75,0.07575757575757569,0.4321344914930654,132,28,45.45,-98.41
AKQ,TO,FAR,0.786967418546366,0.8571428571428572,0.07017543859649122,0.44118969551745857,399,21,36.98,-77.0
AMA,TO,FAR,0.6872852233676976,0.7580645161290323,0.07077929276133466,0.26963126093169076,291,62,35.23,-101.7
ARX,TO,FAR,0.7619047619047619,0.8,0.03809523809523818,0.7055770079387772,147,20,43.82,-91.19
BGM,TO,FAR,0.8449612403100775,0.8666666666666667,0.02170542635658923,0.8249709402623975,129,15,42.21,-75.98
BIS,TO,FAR,0.7384615384615385,0.4576271186440678,-0.2808344198174707,0.00017487654421160506,130,59,46.77,-100.75
BMX,TO,FAR,0.5339366515837104,0.5319148936170213,-0.0020217579666891305,0.9789260698254675,442,47,33.17,-86.78
BOU,TO,FAR,0.7247386759581882,0.6875,-0.037238675958188194,0.6559592896162234,287,32,40.0,-105.26
BRO,TO,FAR,0.9318181818181819,0.8333333333333334,-0.09848484848484851,0.4041928685005086,44,6,25.91,-97.41
BUF,TO,FAR,0.6949152542372881,0.8,0.10508474576271198,0.6214421891295001,59,5,42.94,-78.71
CAE,TO,FAR,0.5900621118012422,0.7692307692307692,0.17916865742952692,0.2039821784479271,161,13,33.94,-81.12
CAR,TO,FAR,1.0,1.0,0.0,,11,6,45.78,-68.62
CHS,TO,FAR,0.7473684210526316,0.8571428571428572,0.10977443609022564,0.5093637157967602,190,7,32.89,-80.02
CLE,TO,FAR,0.7070063694267517,0.8571428571428572,0.15013648771610555,0.2309512118948246,157,14,41.41,-81.86
CTP,TO,FAR,0.7739130434782608,0.7857142857142857,0.011801242236024856,0.9204472655382149,115,14,40.79,-77.86
CYS,TO,FAR,0.5955056179775281,0.6428571428571428,0.04735152487961469,0.7277889820971439,178,14,41.15,-104.8
DDC,TO,FAR,0.7017543859649122,0.17647058823529416,-0.5252837977296181,9.52881894973199e-06,228,17,37.76,-99.96
DLH,TO,FAR,0.8210526315789474,0.84,0.0189473684210526,0.8244367581452017,95,25,46.83,-92.21
DMX,TO,FAR,0.6475409836065573,0.9583333333333334,0.31079234972677605,0.001754673735934207,366,24,41.73,-93.72
DTX,TO,FAR,0.7213114754098361,0.7272727272727273,0.005961251862891204,0.9675907564135102,61,11,42.68,-83.47
DVN,TO,FAR,0.6217616580310881,0.5555555555555556,-0.06620610247553249,0.43469255934709994,386,36,41.61,-90.58
EAX,TO,FAR,0.6697674418604651,0.6875,0.017732558139534893,0.8842047186618248,215,16,38.8,-94.26
EWX,TO,FAR,0.8202247191011236,0.7142857142857143,-0.1059390048154093,0.32815438417069875,178,14,29.7044,-98.0289
FFC,TO,FAR,0.6435897435897435,0.676923076923077,0.03333333333333344,0.6023126962314329,390,65,33.36,-84.56
FGF,TO,FAR,0.5158730158730158,0.5576923076923077,0.04181929181929189,0.5825189851458445,252,52,47.9219,-97.0981
FSD,TO,FAR,0.8054298642533937,0.75,-0.05542986425339369,0.5522579729061425,221,20,43.5874,-96.7297
FWD,TO,FAR,0.7331730769230769,0.6111111111111112,-0.12206196581196571,0.06042144018485756,416,54,32.8349,-97.2988
GID,TO,FAR,0.728813559322034,1.0,0.27118644067796605,0.17475893728196146,177,5,40.64,-98.38
GLD,TO,FAR,0.7468354430379747,0.7027027027027026,-0.044132740335272036,0.5568858415676348,395,37,39.36,-101.7
GRB,TO,FAR,0.711864406779661,0.8888888888888888,0.17702448210922783,0.1272763411554652,59,18,44.49,-88.11
GRR,TO,FAR,0.8135593220338984,0.5294117647058824,-0.284147557328016,0.017130530553302936,59,17,42.89,-85.54
GSP,TO,FAR,0.8082706766917294,0.4285714285714286,-0.37969924812030076,0.013424651057215506,266,7,34.88,-82.22
HGX,TO,FAR,0.8230088495575221,0.8333333333333334,0.0103244837758113,0.926265783071739,452,12,29.47,-95.07
HUN,TO,FAR,0.7203065134099618,0.7121212121212122,-0.008185301288749613,0.8948883283066194,261,66,34.72,-86.65
ICT,TO,FAR,0.59375,0.5454545454545454,-0.048295454545454586,0.7513475388528921,192,11,37.65,-97.44
ILN,TO,FAR,0.676923076923077,0.8648648648648649,0.18794178794178795,0.018513879964276222,325,37,39.42,-83.82
ILX,TO,FAR,0.7132867132867133,0.6896551724137931,-0.023631540872920187,0.6712751813890698,286,87,40.15,-89.33
IND,TO,FAR,0.788135593220339,0.6296296296296297,-0.15850596359070934,0.014069497598314263,236,54,39.7,-86.28
IWX,TO,FAR,0.6848484848484848,0.7142857142857143,0.029437229437229484,0.8195858179891037,165,14,41.35,-85.7
JAN,TO,FAR,0.5860284605433377,0.5700000000000001,-0.01602846054333762,0.7595891659252568,773,100,32.31,-90.08
JAX,TO,FAR,0.8593350383631714,0.8125,-0.04683503836317138,0.5993895007733848,391,16,30.48,-81.7
JKL,TO,FAR,0.9620253164556962,0.8333333333333334,-0.12869198312236285,0.021386655291581978,79,30,37.59,-83.31
LBF,TO,FAR,0.6753246753246753,0.4193548387096774,-0.25596983661499795,0.006998354404335996,154,31,41.13,-100.7
LCH,TO,FAR,0.842443729903537,0.9318181818181819,0.08937445191464488,0.11019833110143347,622,44,30.12,-93.21
LIX,TO,FAR,0.836764705882353,0.7708333333333334,-0.0659313725490196,0.23720658893702928,680,48,30.33,-89.82
LMK,TO,FAR,0.767175572519084,0.6984126984126984,-0.0687628741063856,0.2552886381050634,262,63,38.11,-85.64
LOT,TO,FAR,0.6180904522613065,0.6842105263157895,0.06612007405448295,0.5697327657651856,199,19,41.6,-88.08
LSX,TO,FAR,0.7322033898305085,0.6344086021505376,-0.09779478767997085,0.07029584554441723,295,93,38.69,-90.68
LUB,TO,FAR,0.6753246753246753,0.525,-0.1503246753246753,0.07681632907858277,154,40,33.52,-101.87
LWX,TO,FAR,0.8249027237354085,0.8857142857142857,0.06081156197887716,0.36642741386050026,257,35,38.97,-77.47
LZK,TO,FAR,0.8505747126436781,0.8727272727272728,0.022152560083594675,0.5493600804313181,522,110,34.83,-92.25
MAF,TO,FAR,0.7885714285714286,0.9166666666666666,0.12809523809523804,0.2860671551865295,175,12,31.94,-102.18
MEG,TO,FAR,0.7409638554216867,0.8407643312101911,0.09980047578850437,0.010134214222950378,498,157,35.13,-89.8
MHX,TO,FAR,0.7371134020618557,1.0,0.2628865979381443,0.0934795445925013,194,8,34.77,-76.87
MKX,TO,FAR,0.7346938775510203,0.75,0.015306122448979664,0.8584750889161057,147,32,42.96,-88.54
MLB,TO,FAR,0.8555133079847909,0.8181818181818181,-0.03733148980297274,0.7311865514558988,263,11,28.11,-80.65
MOB,TO,FAR,0.7941747572815534,0.8181818181818181,0.02400706090026472,0.7402356700238792,515,33,30.67,-88.23
MPX,TO,FAR,0.6990881458966565,0.7530864197530864,0.05399827385642997,0.33747677994859804,329,81,44.849,-93.5656
MRX,TO,FAR,0.8080808080808081,0.9285714285714286,0.12049062049062054,0.1297048289843662,99,28,36.16,-83.4
OAX,TO,FAR,0.6320224719101124,0.5652173913043479,-0.06680508060576451,0.520599627769206,356,23,41.3201,-96.3672
OHX,TO,FAR,0.7752442996742671,0.8214285714285714,0.046184271754304285,0.3611190361010367,307,84,36.24,-86.56
OUN,TO,FAR,0.7711640211640212,0.8804347826086957,0.10927076144467451,0.001044523013521265,756,184,35.23,-97.46
PAH,TO,FAR,0.7142857142857143,0.6153846153846154,-0.09890109890109888,0.018847568383480985,525,156,37.06,-88.77
PBZ,TO,FAR,0.6628571428571428,0.7391304347826086,0.07627329192546584,0.46396850623717967,175,23,40.53,-80.21
PHI,TO,FAR,0.7806122448979592,0.9655172413793104,0.18490499648135117,0.019121355404998198,196,29,40.0136,-74.8174
PUB,TO,FAR,0.8326359832635983,0.9,0.06736401673640169,0.43238188688656287,239,20,38.27,-104.52
RAH,TO,FAR,0.8362989323843416,0.8235294117647058,-0.012769520619635766,0.8902947623540838,281,17,35.77,-78.68
RLX,TO,FAR,0.7865168539325843,1.0,0.2134831460674157,0.01502739222331873,89,23,38.31,-81.71
SGF,TO,FAR,0.6997518610421836,0.7101449275362319,0.010393066494048364,0.8616388980002343,403,69,37.23,-93.4
SHV,TO,FAR,0.7121212121212122,0.711340206185567,-0.0007810059356451182,0.9872075629303483,792,97,32.45,-93.84
SJT,TO,FAR,0.7415254237288136,0.8148148148148149,0.0732893910860013,0.40537816466144316,236,27,31.37,-100.49
TAE,TO,FAR,0.7112375533428166,0.7096774193548387,-0.0015601339879778298,0.9850348921335189,703,31,30.45,-84.3
TBW,TO,FAR,0.8204225352112676,1.0,0.17957746478873238,0.10662754813100449,284,12,27.7054,-82.4007
TOP,TO,FAR,0.6680161943319838,0.875,0.20698380566801622,0.2188121340517467,247,8,39.07,-95.63
TSA,TO,FAR,0.6991869918699187,0.654320987654321,-0.04486600421559772,0.4173149207822069,492,81,36.14,-95.86
UNR,TO,FAR,0.731958762886598,0.8333333333333334,0.10137457044673537,0.4483171947268454,97,12,44.07,-103.21
ABQ,TO,POD,0.30337078651685395,0.7142857142857143,0.41091492776886035,0.0028928000527306385,89,14,35.03,-106.62
ABR,TO,POD,0.4918032786885246,0.7692307692307693,0.2774274905422447,0.05702711970199278,122,13,45.45,-98.41
AKQ,TO,POD,0.7528089887640449,0.5,-0.2528089887640449,0.16252827931700187,178,6,36.98,-77.0
AMA,TO,POD,0.7112970711297071,0.7391304347826086,0.027833363652901566,0.7779043403889578,239,23,35.23,-101.7
ARX,TO,POD,0.5431034482758621,0.4,-0.14310344827586208,0.23670880895724722,116,20,43.82,-91.19
BIS,TO,POD,0.5666666666666667,0.8653846153846154,0.29871794871794877,0.0002478291132272798,90,52,46.77,-100.75
BMX,TO,POD,0.6915052160953801,0.7906976744186046,0.09919245832322454,0.1698396654911165,671,43,33.17,-86.78
BOU,TO,POD,0.5451263537906137,0.56,0.01487364620938636,0.8862401076495152,277,25,40.0,-105.26
BOX,TO,POD,0.5714285714285714,0.8,0.22857142857142865,0.319377974387549,56,5,41.95,-71.13
CAE,TO,POD,0.777027027027027,0.6666666666666666,-0.11036036036036034,0.527143998725436,148,6,33.94,-81.12
CLE,TO,POD,0.5983606557377049,0.16666666666666666,-0.4316939890710383,0.004048375298118611,122,12,41.41,-81.86
CTP,TO,POD,0.3670886075949367,0.6,0.23291139240506326,0.2983188485587942,79,5,40.79,-77.86
CYS,TO,POD,0.7169811320754716,0.45454545454545453,-0.2624356775300171,0.06622580930005607,159,11,41.15,-104.8
DDC,TO,POD,0.5721925133689839,0.9428571428571428,0.3706646294881589,3.045295849514475e-05,187,35,37.76,-99.96
DLH,TO,POD,0.5797101449275363,0.8333333333333334,0.2536231884057971,0.2238576834203927,69,6,46.83,-92.21
DMX,TO,POD,0.7104477611940299,0.2,-0.5104477611940299,0.013162062199176648,335,5,41.73,-93.72
DTX,TO,POD,0.6274509803921569,0.42857142857142855,-0.1988795518207283,0.31314273690052963,51,7,42.68,-83.47
DVN,TO,POD,0.647887323943662,0.6190476190476191,-0.028839704896042928,0.7118939596129054,355,42,41.61,-90.58
EAX,TO,POD,0.6233766233766234,0.875,0.25162337662337664,0.14929865627609246,154,8,38.8,-94.26
EWX,TO,POD,0.640625,0.6666666666666666,0.02604166666666663,0.862673294892269,64,12,29.7044,-98.0289
FFC,TO,POD,0.6122448979591837,0.6829268292682927,0.07068193130910905,0.372875896261166,441,41,33.36,-84.56
FGF,TO,POD,0.6550724637681159,0.625,-0.030072463768115898,0.6820611724475709,345,48,47.9219,-97.0981
FSD,TO,POD,0.48739495798319327,0.5555555555555556,0.06816059757236231,0.6933063569336668,119,9,43.5874,-96.7297
FWD,TO,POD,0.6367521367521367,0.7872340425531915,0.1504819058010548,0.04657935257777484,234,47,32.8349,-97.2988
GLD,TO,POD,0.6068111455108359,0.8,0.19318885448916412,0.08441820051648835,323,20,39.36,-101.7
GRB,TO,POD,0.4264705882352941,0.36363636363636365,-0.06283422459893045,0.6950324351190584,68,11,44.49,-88.11
GRR,TO,POD,0.39473684210526316,0.631578947368421,0.23684210526315785,0.0913739367364452,38,19,42.89,-85.54
GSP,TO,POD,0.695364238410596,0.8,0.10463576158940402,0.6158707332850275,151,5,34.88,-82.22
HGX,TO,POD,0.6680327868852459,0.6666666666666666,-0.001366120218579292,0.9931810559547904,244,9,29.47,-95.07
HUN,TO,POD,0.7049180327868853,0.6764705882352942,-0.028447444551591095,0.7394724272213716,183,34,34.72,-86.65
ICT,TO,POD,0.7345679012345679,1.0,0.26543209876543206,0.181245038030316,162,5,37.65,-97.44
ILN,TO,POD,0.6156716417910447,0.2727272727272727,-0.342944369063772,0.0016687266676729973,268,22,39.42,-83.82
ILX,TO,POD,0.5433333333333333,0.5777777777777777,0.03444444444444439,0.5644604020259514,300,90,40.15,-89.33
IND,TO,POD,0.6115702479338843,0.8205128205128205,0.20894257257893623,0.01640723711035411,121,39,39.7,-86.28
IWX,TO,POD,0.6534090909090909,0.25,-0.40340909090909094,0.0014597516711987737,176,16,41.35,-85.7
JAN,TO,POD,0.7859813084112149,0.7807017543859649,-0.005279554025250044,0.8961355323728111,1070,114,32.31,-90.08
JAX,TO,POD,0.609271523178808,0.8,0.1907284768211921,0.3884332211495143,151,5,30.48,-81.7
JKL,TO,POD,0.23076923076923078,0.8,0.5692307692307692,0.026494152402916284,13,5,37.59,-83.31
LBF,TO,POD,0.5619834710743802,0.875,0.3130165289256198,0.004013011630939225,121,24,41.13,-100.7
LCH,TO,POD,0.5464285714285714,0.42857142857142855,-0.11785714285714283,0.5363516114082041,280,7,30.12,-93.21
LIX,TO,POD,0.621875,0.6551724137931034,0.03329741379310347,0.722892592619658,320,29,30.33,-89.82
LMK,TO,POD,0.4588744588744589,0.7352941176470589,0.2764196587726,0.002613504245566291,231,34,38.11,-85.64
LOT,TO,POD,0.5763358778625954,0.4782608695652174,-0.09807500829737803,0.3625529867894671,262,23,41.6,-88.08
LSX,TO,POD,0.5672268907563025,0.7575757575757576,0.19034886681945506,0.005056375295803145,238,66,38.69,-90.68
LUB,TO,POD,0.5873015873015873,0.90625,0.3189484126984127,0.0007188737069010637,126,32,33.52,-101.87
LWX,TO,POD,0.6074766355140186,0.7142857142857143,0.10680907877169565,0.5738604255749696,107,7,38.97,-77.47
LZK,TO,POD,0.6325581395348837,0.75,0.11744186046511629,0.22154372646347542,215,28,34.83,-92.25
MEG,TO,POD,0.6859205776173285,0.7272727272727273,0.041352149655398796,0.5811367075568301,277,44,35.13,-89.8
MKX,TO,POD,0.6438356164383562,0.875,0.23116438356164382,0.06258712883268201,146,16,42.96,-88.54
MOB,TO,POD,0.7088122605363985,0.42105263157894735,-0.2877596289574511,0.008876283797878512,261,19,30.67,-88.23
MPX,TO,POD,0.5880281690140845,0.7857142857142857,0.1976861167002012,0.01406255186955427,284,42,44.849,-93.5656
OAX,TO,POD,0.7549295774647887,0.7419354838709677,-0.012994093593820977,0.8720348474963668,355,31,41.3201,-96.3672
OHX,TO,POD,0.5602094240837696,0.6,0.039790575916230364,0.6827194863102615,191,30,36.24,-86.56
OUN,TO,POD,0.7368421052631579,0.8076923076923077,0.07085020242914986,0.4288345918555113,285,26,35.23,-97.46
PAH,TO,POD,0.6098901098901099,0.839622641509434,0.22973253161932405,1.0853617061123226e-05,364,106,37.06,-88.77
PBZ,TO,POD,0.592814371257485,0.7857142857142857,0.19289991445680066,0.15562699107446987,167,14,40.53,-80.21
PHI,TO,POD,0.5398230088495575,0.2,-0.33982300884955746,0.13645716808997668,113,5,40.0136,-74.8174
PUB,TO,POD,0.5625,0.3333333333333333,-0.22916666666666669,0.1869659484748547,96,9,38.27,-104.52
RAH,TO,POD,0.8367346938775511,0.47058823529411764,-0.3661464585834334,0.0007282868207667303,98,17,35.77,-78.68
SGF,TO,POD,0.7153284671532847,0.7708333333333334,0.055504866180048684,0.4276621304810041,274,48,37.23,-93.4
SHV,TO,POD,0.6830708661417323,0.7358490566037735,0.05277819046204124,0.42998878825469855,508,53,32.45,-93.84
SJT,TO,POD,0.7592592592592593,0.6363636363636364,-0.12289562289562295,0.3711842500549578,108,11,31.37,-100.49
TAE,TO,POD,0.8532934131736527,0.8333333333333334,-0.019960079840319334,0.848030456787276,334,12,30.45,-84.3
TSA,TO,POD,0.7137681159420289,0.6851851851851852,-0.028582930756843705,0.6723441238472588,276,54,36.14,-95.86
ABQ,TO,LTA,11.0,2.8,-8.2,0.008309582196234889,19,5,35.03,-106.62
ABR,TO,LTA,9.69767441860465,11.0,1.3023255813953494,0.7576856398236987,43,7,45.45,-98.41
AMA,TO,LTA,11.483516483516484,11.733333333333333,0.24981684981684893,0.6334224727755831,91,15,35.23,-101.7
BIS,TO,LTA,6.911764705882353,11.9375,5.025735294117647,0.08349985720705806,34,32,46.77,-100.75
BMX,TO,LTA,12.20873786407767,12.5,0.29126213592233086,0.5155250146935131,206,22,33.17,-86.78
BOU,TO,LTA,7.89873417721519,9.2,1.301265822784809,0.9481009426862506,79,10,40.0,-105.26
CYS,TO,LTA,9.5,8.6,-0.9000000000000004,0.8928485205375271,72,5,41.15,-104.8
DDC,TO,LTA,10.102941176470589,5.0,-5.102941176470589,0.05939495008513711,68,14,37.76,-99.96
DVN,TO,LTA,10.979452054794521,9.8125,-1.1669520547945211,0.9372757419025461,146,16,41.61,-90.58
EAX,TO,LTA,10.183098591549296,2.6,-7.583098591549296,0.06757366848965875,71,5,38.8,-94.26
FFC,TO,LTA,7.41726618705036,7.857142857142857,0.439876670092497,0.9534373476986201,139,21,33.36,-84.56
FGF,TO,LTA,9.672131147540984,9.434782608695652,-0.2373485388453318,0.7285059953665874,122,23,47.9219,-97.0981
FSD,TO,LTA,8.395348837209303,8.0,-0.39534883720930303,0.9593690809883482,43,5,43.5874,-96.7297
FWD,TO,LTA,12.846846846846846,9.952380952380953,-2.8944658944658936,0.2162216561127842,111,21,32.8349,-97.2988
GLD,TO,LTA,9.22,11.363636363636363,2.1436363636363627,0.6070492853342739,100,11,39.36,-101.7
GRR,TO,LTA,9.909090909090908,10.125,0.21590909090909172,0.6789091160046312,11,8,42.89,-85.54
HUN,TO,LTA,10.315068493150685,13.157894736842104,2.8428262436914196,0.2729021928451897,73,19,34.72,-86.65
ICT,TO,LTA,11.782051282051283,9.8,-1.9820512820512821,0.6046267306083881,78,5,37.65,-97.44
ILN,TO,LTA,7.3238095238095235,8.8,1.4761904761904772,0.5843105693669497,105,5,39.42,-83.82
ILX,TO,LTA,10.24390243902439,11.666666666666666,1.4227642276422756,0.23074259382461604,82,27,40.15,-89.33
IND,TO,LTA,10.24,8.4,-1.8399999999999999,0.3755713874368044,50,20,39.7,-86.28
JAN,TO,LTA,12.796875,11.348837209302326,-1.4480377906976738,0.32510401194268135,320,43,32.31,-90.08
LBF,TO,LTA,11.66,12.38888888888889,0.7288888888888891,0.5916668433988241,50,18,41.13,-100.7
LIX,TO,LTA,8.657657657657658,5.7272727272727275,-2.930384930384931,0.1179858090179091,111,11,30.33,-89.82
LMK,TO,LTA,10.229508196721312,8.31578947368421,-1.9137187230371016,0.4112723048555258,61,19,38.11,-85.64
LOT,TO,LTA,10.447368421052632,7.5,-2.947368421052632,0.6111812379260055,76,6,41.6,-88.08
LSX,TO,LTA,11.126582278481013,14.5,3.3734177215189867,0.17083957083089585,79,34,38.69,-90.68
LUB,TO,LTA,10.46,11.526315789473685,1.066315789473684,0.609132119379985,50,19,33.52,-101.87
LZK,TO,LTA,13.974358974358974,9.714285714285714,-4.260073260073261,0.19912594227144842,78,14,34.83,-92.25
MEG,TO,LTA,11.666666666666666,13.2,1.5333333333333332,0.9315901166059551,129,25,35.13,-89.8
MKX,TO,LTA,10.923076923076923,11.25,0.32692307692307665,0.7440076828841622,39,8,42.96,-88.54
MOB,TO,LTA,9.481132075471699,9.833333333333334,0.35220125786163514,0.9638448342878339,106,6,30.67,-88.23
MPX,TO,LTA,11.545454545454545,8.4,-3.1454545454545446,0.5194807885648687,99,20,44.849,-93.5656
OAX,TO,LTA,10.076335877862595,11.8,1.7236641221374054,0.8060917397464022,131,10,41.3201,-96.3672
OHX,TO,LTA,9.985507246376812,13.533333333333333,3.547826086956521,0.24856771642685715,69,15,36.24,-86.56
OUN,TO,LTA,12.138728323699421,14.818181818181818,2.679453494482397,0.17096698286916923,173,22,35.23,-97.46
PAH,TO,LTA,9.986666666666666,12.85,2.8633333333333333,0.040103696652534486,150,60,37.06,-88.77
PBZ,TO,LTA,6.898305084745763,3.5,-3.398305084745763,0.24941241316502116,59,6,40.53,-80.21
SGF,TO,LTA,10.479338842975206,9.35,-1.1293388429752067,0.700344987156948,121,20,37.23,-93.4
SHV,TO,LTA,11.87719298245614,12.285714285714286,0.40852130325814606,0.7720334488629199,228,28,32.45,-93.84
SJT,TO,LTA,10.131147540983607,8.2,-1.9311475409836074,0.44447005044091703,61,5,31.37,-100.49
TAE,TO,LTA,8.911330049261084,14.222222222222221,5.310892172961138,0.10724815150193191,203,9,30.45,-84.3
TSA,TO,LTA,11.932432432432432,6.107142857142857,-5.825289575289575,0.01654618321003735,148,28,36.14,-95.86
ABQ,SV,FAR,0.8106966924700915,0.8088803088803089,-0.0018163835897825331,0.9227283714372162,2842,518,35.03,-106.62
ABR,SV,FAR,0.37168141592920356,0.46641791044776115,0.09473649451855759,0.0028053902027818764,1921,268,45.45,-98.41
AFG,SV,FAR,0.9733333333333334,0.8888888888888888,-0.08444444444444454,0.19708184039090848,75,9,,
AKQ,SV,FAR,0.3080168776371308,0.32826747720364746,0.020250599566516647,0.4638755287422144,1896,329,36.98,-77.0
ALY,SV,FAR,0.3118022328548644,0.22535211267605637,-0.08645012017880804,0.12450219181253333,1254,71,42.69,-73.83
AMA,SV,FAR,0.5067516879219804,0.6558891454965359,0.14913745757455543,8.138309681766488e-09,2666,433,35.23,-101.7
APX,SV,FAR,0.541371158392435,0.7627118644067796,0.22134070601434463,0.0013013173794177754,423,59,44.9,-84.71
ARX,SV,FAR,0.43084112149532705,0.5488721804511278,0.1180310589558008,0.009771128620211855,1070,133,43.82,-91.19
BGM,SV,FAR,0.40102171136653897,0.3282442748091603,-0.07277743655737867,0.1017206036883337,1566,131,42.21,-75.98
BIS,SV,FAR,0.3356309650053022,0.4285714285714286,0.0929404635661264,0.0023090637661927465,1886,280,46.77,-100.75
BMX,SV,FAR,0.33881952326901243,0.41947565543071164,0.0806561321616992,0.00999831314342377,1762,267,33.17,-86.78
BOI,SV,FAR,0.815625,0.8717948717948718,0.05616987179487176,0.38688480939309056,320,39,43.56,-116.21
BOU,SV,FAR,0.6288840262582056,0.6528925619834711,0.024008535725265512,0.3782212351256873,2285,363,40.0,-105.26
BOX,SV,FAR,0.3378238341968912,0.1527777777777778,-0.18504605641911342,0.0012208495271996977,965,72,41.95,-71.13
BRO,SV,FAR,0.7653508771929824,0.8404255319148937,0.07507465472191122,0.1106641558637233,456,94,25.91,-97.41
BTV,SV,FAR,0.2513562386980108,0.2033898305084746,-0.047966408189536236,0.4165700539738669,553,59,44.46,-73.15
BUF,SV,FAR,0.33514099783080264,0.3580246913580247,0.022883693527222082,0.676130665283475,922,81,42.94,-78.71
BYZ,SV,FAR,0.5652654867256637,0.7038461538461538,0.1385806671204901,5.982946543541361e-05,904,260,45.75,-108.57
CAE,SV,FAR,0.269694819020582,0.18965517241379315,-0.08003964660678886,0.06001147467527328,1409,116,33.94,-81.12
CAR,SV,FAR,0.5147783251231527,0.7317073170731707,0.21692899195001802,0.007955136367667842,406,41,45.78,-68.62
CHS,SV,FAR,0.3623361144219309,0.5327102803738317,0.1703741659519008,0.0006341476598426172,839,107,32.89,-80.02
CLE,SV,FAR,0.33694810224632066,0.38787878787878793,0.050930685632467276,0.19430338826528437,1291,165,41.41,-81.86
CRP,SV,FAR,0.7195301027900147,0.7283950617283951,0.008864958938380352,0.8665269602522974,681,81,27.77,-97.5
CTP,SV,FAR,0.3081048867699643,0.3915094339622641,0.08340454719229984,0.013964233045250796,1678,212,40.79,-77.86
CYS,SV,FAR,0.5777886497064579,0.5619047619047619,-0.01588388780169603,0.5954568550560859,2044,315,41.15,-104.8
DDC,SV,FAR,0.5077038707252912,0.5503355704697986,0.04263169974450742,0.16265606365138396,2661,298,37.76,-99.96
DLH,SV,FAR,0.4979625101874491,0.4629629629629629,-0.03499954722448617,0.4855277892676785,1227,108,46.83,-92.21
DMX,SV,FAR,0.5019782393669634,0.5078740157480315,0.005895776381068085,0.8594042860749496,2022,254,41.73,-93.72
DTX,SV,FAR,0.3189033189033189,0.3571428571428571,0.038239538239538184,0.4790804814654559,693,84,42.68,-83.47
DVN,SV,FAR,0.36007130124777187,0.3829787234042553,0.022907422156483448,0.5866199631334292,1683,141,41.61,-90.58
EAX,SV,FAR,0.4533879035925421,0.3087557603686636,-0.14463214322387852,4.2315387154636465e-05,2199,217,38.8,-94.26
EKA,SV,FAR,0.8620689655172413,0.8181818181818181,-0.043887147335423204,0.72852040089607,29,11,40.8,-124.16
EPZ,SV,FAR,0.8711734693877551,0.8721804511278195,0.0010069817400644165,0.9744175960573594,784,133,31.8728,-106.6982
EWX,SV,FAR,0.5921696574225122,0.643598615916955,0.051428958494442845,0.09722564225036502,1839,289,29.7044,-98.0289
FFC,SV,FAR,0.40514681623226656,0.5465686274509804,0.1414218112187139,5.629956547619669e-08,3031,408,33.36,-84.56
FGF,SV,FAR,0.19012062033314192,0.38219895287958117,0.19207833254643925,5.773674909380642e-10,1741,191,47.9219,-97.0981
FGZ,SV,FAR,0.8894849785407726,0.9180327868852459,0.028547808344473347,0.48780517592858486,932,61,35.23,-111.82
FSD,SV,FAR,0.34686147186147187,0.42469879518072284,0.07783732331925097,0.006477612683432725,1848,332,43.5874,-96.7297
FWD,SV,FAR,0.508664627930683,0.5091649694501018,0.000500341519418801,0.983620217713481,2943,491,32.8349,-97.2988
GGW,SV,FAR,0.48063781321184507,0.5873015873015873,0.10666377408974226,0.025125890866805237,878,126,48.2,-106.62
GID,SV,FAR,0.5127902400629674,0.50199203187251,-0.010798208190457403,0.7440453108632976,2541,251,40.64,-98.38
GJT,SV,FAR,0.8014440433212997,0.8333333333333334,0.031889290012033666,0.5404908415242962,277,72,39.11,-108.52
GLD,SV,FAR,0.6025477707006369,0.5990453460620525,-0.0035024246385844116,0.8905707074591577,3140,419,39.36,-101.7
GRB,SV,FAR,0.44339622641509435,0.47115384615384615,0.027757619738751793,0.5938721470088772,742,104,44.49,-88.11
GRR,SV,FAR,0.4531001589825119,0.4655172413793104,0.012417082396798507,0.8557888105977778,629,58,42.89,-85.54
GSP,SV,FAR,0.3285821455363841,0.33204633204633205,0.003464186509947953,0.9097996330743441,2666,259,34.88,-82.22
GYX,SV,FAR,0.2577777777777778,0.3389830508474576,0.08120527306967984,0.16979138536122595,900,59,43.89,-70.25
HFO,SV,FAR,0.7586206896551724,0.75,-0.008620689655172376,0.9598723752849924,29,8,,
HGX,SV,FAR,0.6295418641390205,0.6405228758169934,0.01098101167797294,0.7903630816168299,1266,153,29.47,-95.07
HNX,SV,FAR,0.9185185185185185,1.0,0.08148148148148149,0.23569863893276233,135,16,36.31,-119.63
HUN,SV,FAR,0.5608974358974359,0.5130434782608695,-0.04785395763656641,0.17977120688021053,1248,230,34.72,-86.65
ICT,SV,FAR,0.46837536171971894,0.47770700636942676,0.009331644649707815,0.7552539981878718,2419,314,37.65,-97.44
ILM,SV,FAR,0.4640883977900553,0.4025974025974026,-0.061490995192652664,0.30320227442593717,724,77,34.27,-77.91
ILN,SV,FAR,0.3879452054794521,0.3811659192825112,-0.0067792861969409035,0.8444623433399566,1825,223,39.42,-83.82
ILX,SV,FAR,0.5322164948453608,0.5387755102040817,0.006559015358720832,0.8483378710155687,1552,245,40.15,-89.33
IND,SV,FAR,0.4036334913112164,0.3627906976744186,-0.04084279363679777,0.25791657943359736,1266,215,39.7,-86.28
IWX,SV,FAR,0.46369796708615685,0.5078125,0.04411453291384315,0.34545964188696543,1033,128,41.35,-85.7
JAN,SV,FAR,0.41592682270648373,0.42430278884462147,0.008375966138137736,0.7208953569713998,3717,502,32.31,-90.08
JAX,SV,FAR,0.6475728155339806,0.7192982456140351,0.0717254300800545,0.05829775371636771,2060,171,30.48,-81.7
JKL,SV,FAR,0.34320074005550416,0.3941605839416058,0.05095984388610164,0.11501757245536536,1081,274,37.59,-83.31
LBF,SV,FAR,0.4321742453190677,0.6824146981627297,0.25024045284366203,5.643510135822766e-20,2617,381,41.13,-100.7
LCH,SV,FAR,0.6527777777777778,0.6428571428571428,-0.009920634920634996,0.7858863871176467,1296,196,30.12,-93.21
LIX,SV,FAR,0.7276507276507276,0.5477386934673367,-0.17991203418339086,1.7752655994119174e-07,1443,199,30.33,-89.82
LKN,SV,FAR,0.9820627802690582,1.0,0.017937219730941756,0.7207420251103833,223,7,40.86,-115.74
LMK,SV,FAR,0.4415696420871065,0.4563106796116505,0.014741037524544032,0.6241425689181952,2319,309,38.11,-85.64
LOT,SV,FAR,0.40920938314509125,0.3065693430656934,-0.10264004007939787,0.020348053318829978,1151,137,41.6,-88.08
LOX,SV,FAR,0.6666666666666667,0.5882352941176471,-0.07843137254901966,0.5647473433390314,45,17,34.2,-119.13
LSX,SV,FAR,0.4682352941176471,0.5541125541125541,0.08587725999490703,0.013069319928144271,2125,231,38.69,-90.68
LUB,SV,FAR,0.6430135786246167,0.6301775147928994,-0.012836063831717315,0.6460700347050461,2283,338,33.52,-101.87
LWX,SV,FAR,0.2950013657470636,0.28232189973614774,-0.012679466010915852,0.6059496901776042,3661,379,38.97,-77.47
LZK,SV,FAR,0.6278094096493857,0.7371937639198218,0.10938435427043613,5.744795066991671e-06,3337,449,34.83,-92.25
MAF,SV,FAR,0.6988142292490118,0.7585585585585586,0.05974432930954676,0.004989324134512884,2530,555,31.94,-102.18
MEG,SV,FAR,0.48086229652441703,0.34708737864077666,-0.13377491788364038,5.373591814777021e-07,2273,412,35.13,-89.8
MFL,SV,FAR,0.7525252525252525,0.8,0.04747474747474756,0.2939427428429071,594,105,25.75,-80.38
MFR,SV,FAR,0.87248322147651,0.96,0.08751677852348994,0.03779468417988653,149,75,42.37,-122.88
MHX,SV,FAR,0.399673735725938,0.32432432432432434,-0.07534941140161366,0.20969245157235206,613,74,34.77,-76.87
MKX,SV,FAR,0.44852941176470584,0.5273972602739726,0.07886784850926676,0.07496360685485828,952,146,42.96,-88.54
MLB,SV,FAR,0.7447643979057592,0.8828125,0.1380481020942408,0.0006569894377374352,764,128,28.11,-80.65
MOB,SV,FAR,0.662303664921466,0.7924528301886793,0.13014916526721332,0.0007811902615740039,1910,159,30.67,-88.23
MPX,SV,FAR,0.48989623156744944,0.4648648648648649,-0.025031366702584545,0.5162531329573053,1831,185,44.849,-93.5656
MQT,SV,FAR,0.660952380952381,0.7142857142857143,0.053333333333333344,0.4492021169693332,525,49,46.53,-87.54
MRX,SV,FAR,0.20514390691977957,0.19047619047619047,-0.014667716443589107,0.6041486409789876,1633,231,36.16,-83.4
MSO,SV,FAR,0.46818181818181814,0.7777777777777778,0.30959595959595965,0.06843752931386267,220,9,46.92,-114.09
MTR,SV,FAR,0.8125,0.6785714285714286,-0.1339285714285714,0.33727578128775704,16,28,36.59,-121.85
OAX,SV,FAR,0.5268860353130016,0.5313653136531366,0.004479278340134951,0.8884489641911043,2492,271,41.3201,-96.3672
OHX,SV,FAR,0.4052132701421801,0.5257352941176471,0.12052202397546696,0.0001876715101316983,1688,272,36.24,-86.56
OKX,SV,FAR,0.34662576687116564,0.31999999999999995,-0.02662576687116569,0.702637786588385,652,50,40.86,-72.86
OTX,SV,FAR,0.4785276073619632,0.9090909090909091,0.43056330172894586,0.0057016087600529645,163,11,47.68,-117.62
OUN,SV,FAR,0.655728664001103,0.6790336496980156,0.02330498569691264,0.12017562417206547,7253,1159,35.23,-97.46
PAH,SV,FAR,0.5584020842379505,0.6280193236714976,0.06961723943354714,0.008452154394538046,2303,414,37.06,-88.77
PBZ,SV,FAR,0.2613526570048309,0.3589743589743589,0.09762170196952802,0.0006636057751261231,2070,273,40.53,-80.21
PDT,SV,FAR,0.5241379310344827,0.8888888888888888,0.36475095785440614,0.03297207369627936,145,9,45.69,-118.85
PHI,SV,FAR,0.37707061900610284,0.4377682403433476,0.06069762133724477,0.06933344416904588,2294,233,40.0136,-74.8174
PIH,SV,FAR,0.7034313725490196,0.6,-0.10343137254901957,0.20203306816703115,408,35,42.9,-112.58
PQR,SV,FAR,0.8307692307692307,0.4285714285714286,-0.4021978021978021,0.012788898411941373,65,7,45.56,-122.53
PSR,SV,FAR,0.7111334002006018,0.717741935483871,0.006608535283269212,0.878211354492141,997,124,33.43,-112.02
PUB,SV,FAR,0.7541774972150018,0.8458049886621315,0.09162749144712967,2.44600988001787e-05,2693,441,38.27,-104.52
RAH,SV,FAR,0.28250892401835803,0.24354243542435428,-0.038966488594003756,0.17946483000323765,1961,271,35.77,-78.68
REV,SV,FAR,0.9538461538461538,0.9189189189189189,-0.03492723492723493,0.4064662900204523,130,37,39.56,-119.79
RIW,SV,FAR,0.7818181818181819,0.8055555555555556,0.023737373737373724,0.5825613876469891,550,108,43.06,-108.47
RLX,SV,FAR,0.33378561736770695,0.26881720430107525,-0.0649684130666317,0.03340271174151659,1474,279,38.31,-81.71
RNK,SV,FAR,0.21119221411192213,0.25108225108225113,0.039890036970329,0.1619067234227517,2055,231,37.2,-80.41
SGF,SV,FAR,0.4145040881621045,0.515850144092219,0.10134605593011448,0.00031520610663743006,2813,347,37.23,-93.4
SGX,SV,FAR,0.7974683544303798,0.625,-0.17246835443037978,0.24332271662350113,158,8,32.91,-117.06
SHV,SV,FAR,0.41337386018237077,0.4634655532359081,0.050091693053537334,0.04111508162263629,2632,479,32.45,-93.84
SJT,SV,FAR,0.6402753872633391,0.6939890710382514,0.05371368377491226,0.04556919786109668,2324,366,31.37,-100.49
SLC,SV,FAR,0.6739130434782609,0.6140350877192983,-0.0598779557589626,0.3571431068269706,644,57,40.77,-111.95
STO,SV,FAR,0.75,0.9375,0.1875,0.09590697877109923,92,16,38.6,-121.38
TAE,SV,FAR,0.3394793926247288,0.30487804878048785,-0.03460134384424096,0.2711062466602341,2766,246,30.45,-84.3
TBW,SV,FAR,0.6923076923076923,0.8571428571428572,0.16483516483516492,0.02471199381539161,468,42,27.7054,-82.4007
TFX,SV,FAR,0.5890736342042755,0.6727272727272727,0.08365363852299723,0.04463860516150317,842,165,47.46,-111.38
TOP,SV,FAR,0.5066119471044231,0.6327683615819208,0.1261564144774977,0.00123494257048884,2193,177,39.07,-95.63
TSA,SV,FAR,0.6142635658914728,0.7154150197628458,0.10115145387137303,1.205051389030171e-05,3225,506,36.14,-95.86
TWC,SV,FAR,0.8445850914205344,0.8166666666666667,-0.027918424753867743,0.4202099278249365,1422,120,32.22,-110.95
UNR,SV,FAR,0.27895819054146676,0.4397905759162304,0.16083238537476363,1.0106164283954649e-10,2918,382,44.07,-103.21
VEF,SV,FAR,0.7717601547388782,0.8088235294117647,0.03706337467288656,0.490683659278897,517,68,36.04,-115.18
ABQ,SV,POD,0.625,0.6255924170616114,0.0005924170616113944,0.9867939670077505,1376,211,35.03,-106.62
ABR,SV,POD,0.8038674033149171,0.6896551724137931,-0.11421223090112398,9.313576857528023e-07,2534,348,45.45,-98.41
AJK,SV,POD,0.0,0.3333333333333333,0.3333333333333333,0.033894853524689274,12,6,,
AKQ,SV,POD,0.884133611691023,0.9284552845528455,0.044321672861822536,0.0013119945930005763,2874,615,36.98,-77.0
ALY,SV,POD,0.8260130348540663,0.8802083333333334,0.05419529847926707,0.05219571180779782,3529,192,42.69,-73.83
AMA,SV,POD,0.8300884955752212,0.7446153846153846,-0.08547311095983667,0.00011654387322757633,3390,325,35.23,-101.7
APX,SV,POD,0.7334669338677354,0.6666666666666666,-0.0668002672010688,0.34997318277857004,499,42,44.9,-84.71
ARX,SV,POD,0.780431786862655,0.78125,0.0008182131373449808,0.9790516974240794,2177,192,43.82,-91.19
BGM,SV,POD,0.8083228247162674,0.8921052631578947,0.08378243844162736,6.498315533376186e-05,3172,380,42.21,-75.98
BIS,SV,POD,0.8837031369548585,0.8896882494004796,0.005985112445621166,0.7224822110182536,2614,417,46.77,-100.75
BMX,SV,POD,0.6719242902208202,0.8232044198895028,0.15128012966868254,6.739176538689384e-13,4438,543,33.17,-86.78
BOI,SV,POD,0.3433333333333333,0.1935483870967742,-0.14978494623655914,0.02110403895361777,300,62,43.56,-116.21
BOU,SV,POD,0.7688259109311741,0.78125,0.012424089068825861,0.6041120951742898,2470,352,40.0,-105.26
BOX,SV,POD,0.75779939617578,0.8544776119402985,0.09667821576451852,0.00034412215632671344,2981,268,41.95,-71.13
BRO,SV,POD,0.7556818181818182,0.8518518518518519,0.09617003367003363,0.11875548896246246,352,54,25.91,-97.41
BTV,SV,POD,0.819,0.8924731182795699,0.07347311827956993,0.0743134247074992,1000,93,44.46,-73.15
BUF,SV,POD,0.872583044124938,0.9353448275862069,0.06276178346126882,0.005494603472452716,2017,232,42.94,-78.71
BYZ,SV,POD,0.6222222222222222,0.6713615023474179,0.04913928012519564,0.16965553651622367,1260,213,45.75,-108.57
CAE,SV,POD,0.8610271903323263,0.9366197183098591,0.0755925279775328,0.0003288412344921988,2979,284,33.94,-81.12
CAR,SV,POD,0.7687188019966722,0.5306122448979592,-0.23810655709871298,0.00021133610384535434,601,49,45.78,-68.62
CHS,SV,POD,0.7178781925343811,0.6502057613168725,-0.06767243121750866,0.026034097208574986,2545,243,32.89,-80.02
CLE,SV,POD,0.8183986371379898,0.875,0.05660136286201023,0.009824524258265238,2935,336,41.41,-81.86
CRP,SV,POD,0.755939524838013,0.8591549295774648,0.10321540473945179,0.05443442517284325,463,71,27.77,-97.5
CTP,SV,POD,0.8242138364779874,0.8926553672316384,0.068441530753651,0.0011137848864818695,3180,354,40.79,-77.86
CYS,SV,POD,0.8220031136481578,0.8074074074074075,-0.01459570624075035,0.5586101412213316,1927,270,41.15,-104.8
DDC,SV,POD,0.8154905335628228,0.7966101694915254,-0.01888036407129734,0.3892735958500778,2905,354,37.76,-99.96
DLH,SV,POD,0.7328907048008172,0.7488789237668162,0.015988218965999,0.6084478322914649,1958,223,46.83,-92.21
DMX,SV,POD,0.8054054054054054,0.7832369942196532,-0.02216841118575219,0.32650570752122055,2960,346,41.73,-93.72
DTX,SV,POD,0.8322422258592471,0.9,0.0677577741407529,0.04580424791572055,1222,130,42.68,-83.47
DVN,SV,POD,0.842089985486212,0.8289473684210527,-0.01314261706515929,0.5480138049260873,3445,304,41.61,-90.58
EAX,SV,POD,0.8490853658536586,0.8708133971291866,0.021728031275528026,0.1072282563001962,3936,836,38.8,-94.26
EKA,SV,POD,0.18181818181818182,0.2857142857142857,0.10389610389610388,0.5544916101508632,22,7,40.8,-124.16
EPZ,SV,POD,0.5542635658914729,0.5853658536585366,0.031102287767063697,0.7094834291950114,258,41,31.8728,-106.6982
EWX,SV,POD,0.8775981524249422,0.875,-0.0025981524249422128,0.8995333833318823,2165,288,29.7044,-98.0289
FFC,SV,POD,0.6754585620565002,0.7991341991341991,0.12367563707769891,2.3934888516543653e-17,7469,1155,33.36,-84.56
FGF,SV,POD,0.8633728258129569,0.7934782608695652,-0.06989456494339175,0.001261909373640985,3967,276,47.9219,-97.0981
FGZ,SV,POD,0.5973451327433629,0.42857142857142855,-0.16877370417193432,0.213203266251766,226,14,35.23,-111.82
FSD,SV,POD,0.8673237300985596,0.846,-0.02132373009855959,0.20228517302839766,2638,500,43.5874,-96.7297
FWD,SV,POD,0.8791286015460296,0.7427961579509071,-0.13633244359512242,8.177941282347434e-27,4269,937,32.8349,-97.2988
GGW,SV,POD,0.7479307750188111,0.782258064516129,0.03432728949731789,0.39797799300064496,1329,124,48.2,-106.62
GID,SV,POD,0.8390269151138716,0.8367346938775511,-0.0022922212363205574,0.906381290684383,3864,392,40.64,-98.38
GJT,SV,POD,0.21921921921921922,0.4857142857142857,0.2664950664950665,0.0004844728141002825,333,35,39.11,-108.52
GLD,SV,POD,0.7592295345104334,0.7338551859099804,-0.025374348600452956,0.21022454924156475,3738,511,39.36,-101.7
GRB,SV,POD,0.7793255131964809,0.7740112994350282,-0.005314213761452691,0.872693355463131,1364,177,44.49,-88.11
GRR,SV,POD,0.7591537835638731,0.8551724137931035,0.0960186302292304,0.009441947569165136,1229,145,42.89,-85.54
GSP,SV,POD,0.8071895424836601,0.8324225865209471,0.02523304403728699,0.15319975493273952,4896,549,34.88,-82.22
GYX,SV,POD,0.8241965973534972,0.7443181818181818,-0.07987841553531538,0.008308711960100567,2116,176,43.89,-70.25
HFO,SV,POD,0.4230769230769231,0.6521739130434783,0.2290969899665552,0.10878484262239368,26,23,,
HGX,SV,POD,0.7617504051863857,0.8780487804878049,0.11629837530141918,0.0033569101804915382,1234,123,29.47,-95.07
HUN,SV,POD,0.6021137705937208,0.6358078602620088,0.03369408966828791,0.04460812393443855,3217,1145,34.72,-86.65
ICT,SV,POD,0.8611796982167352,0.9143518518518519,0.053172153635116626,0.002101682558639207,3645,432,37.65,-97.44
ILM,SV,POD,0.7973251028806584,0.8907563025210085,0.09343119964035007,0.014681897982777954,972,119,34.27,-77.91
ILN,SV,POD,0.6871088861076345,0.7649186256781193,0.07780973957048476,0.00019132196576548412,3995,553,39.42,-83.82
ILX,SV,POD,0.7501620220349967,0.774617067833698,0.02445504579870128,0.2577071034280328,3086,457,40.15,-89.33
IND,SV,POD,0.7389653535832937,0.9025,0.16353464641670623,1.5226880760865324e-12,2107,400,39.7,-86.28
IWX,SV,POD,0.620677102293411,0.8295165394402035,0.20883943714679254,5.4146184204513875e-16,2747,393,41.35,-85.7
JAN,SV,POD,0.8265452803066603,0.8473520249221184,0.02080674461545806,0.18288809134982498,6261,642,32.31,-90.08
JAX,SV,POD,0.6594892338507762,0.5227272727272727,-0.13676196112350347,0.00140967188637448,1997,132,30.48,-81.7
JKL,SV,POD,0.7931188561215371,0.8312342569269522,0.03811540080541509,0.08080545334156256,2238,397,37.59,-83.31
LBF,SV,POD,0.8512486427795874,0.819327731092437,-0.0319209116871505,0.18727064515355096,2763,238,41.13,-100.7
LCH,SV,POD,0.6869918699186992,0.7622377622377622,0.07524589231906298,0.064383740026359,1230,143,30.12,-93.21
LIX,SV,POD,0.6843853820598007,0.8601036269430051,0.17571824488320442,6.113201764980203e-07,1204,193,30.33,-89.82
LKN,SV,POD,0.018604651162790697,0.0,-0.018604651162790697,0.6480727430156772,215,11,40.86,-115.74
LMK,SV,POD,0.7504956103086944,0.8192567567567568,0.06876114644806242,0.00028659715577896024,3531,592,38.11,-85.64
LOT,SV,POD,0.8053733208372383,0.8624,0.05702667916276172,0.000790345211227195,3201,625,41.6,-88.08
LOX,SV,POD,0.28225806451612906,0.3106796116504854,0.02842154713435635,0.64021064475802,124,103,34.2,-119.13
LSX,SV,POD,0.8333685322069694,0.8470824949698189,0.01371396276284953,0.4336550539938051,4735,497,38.69,-90.68
LUB,SV,POD,0.7161349976883957,0.7609254498714653,0.04479045218306954,0.0691748250937919,2163,389,33.52,-101.87
LWX,SV,POD,0.8139233675121424,0.8411405295315683,0.02721716201942581,0.036140200686045225,9265,982,38.97,-77.47
LZK,SV,POD,0.8578106739384496,0.8849557522123894,0.02714507827393986,0.25952862908001495,2567,226,34.83,-92.25
MAF,SV,POD,0.7291208791208791,0.6717325227963525,-0.057388356324526546,0.03281925310563276,1820,329,31.94,-102.18
MEG,SV,POD,0.7892436974789916,0.8752107925801011,0.08596709510110956,1.5011630888342077e-06,2975,593,35.13,-89.8
MFL,SV,POD,0.6302325581395349,0.7391304347826086,0.10889787664307371,0.14342707140687527,430,46,25.75,-80.38
MFR,SV,POD,0.3898305084745763,0.25,-0.1398305084745763,0.35937999167127055,59,12,42.37,-122.88
MHX,SV,POD,0.8597491448118586,0.967741935483871,0.1079927906720124,0.0007197797143650783,877,124,34.77,-76.87
MKX,SV,POD,0.7588424437299035,0.8443708609271523,0.0855284171972488,0.0010364295698848652,1866,302,42.96,-88.54
MLB,SV,POD,0.6449787835926449,0.6346153846153846,-0.010363398977260352,0.8802438708381228,707,52,28.11,-80.65
MOB,SV,POD,0.8185140073081608,0.7432432432432432,-0.07527076406491762,0.10265672042531863,1642,74,30.67,-88.23
MPX,SV,POD,0.734832790766499,0.75,0.015167209233501011,0.5266100945585295,3379,376,44.849,-93.5656
MQT,SV,POD,0.6200657894736842,0.6666666666666666,0.04660087719298245,0.59070065019029,608,33,46.53,-87.54
MRX,SV,POD,0.841710758377425,0.8685121107266436,0.026801352349218543,0.23606918897118723,2268,289,36.16,-83.4
MSO,SV,POD,0.5097087378640777,0.16666666666666666,-0.34304207119741104,0.01914006352747071,412,12,46.92,-114.09
MTR,SV,POD,0.08695652173913043,0.358974358974359,0.27201783723522854,0.0001399080592770199,92,39,36.59,-121.85
OAX,SV,POD,0.8564476885644768,0.88470066518847,0.028252976623993176,0.10505208548791814,3288,451,41.3201,-96.3672
OHX,SV,POD,0.7468422467078742,0.8670360110803325,0.12019376437245821,3.6370905185534665e-07,3721,361,36.24,-86.56
OKX,SV,POD,0.7703562340966921,0.8405797101449275,0.07022347604823542,0.05780256813227249,1572,138,40.86,-72.86
OTX,SV,POD,0.48360655737704916,0.11764705882352941,-0.3659594985535197,0.0029639350988355864,488,17,47.68,-117.62
OUN,SV,POD,0.8458340262764011,0.8313767342582711,-0.014457292018130063,0.2567585999826326,6013,937,35.23,-97.46
PAH,SV,POD,0.7351404310907903,0.7532051282051282,0.01806469711433789,0.49001734502819083,3062,312,37.06,-88.77
PBZ,SV,POD,0.8368336025848142,0.9279187817258884,0.09108517914107417,1.9649530450961968e-13,4952,985,40.53,-80.21
PDT,SV,POD,0.5346938775510204,0.25,-0.2846938775510204,0.11253494713896571,245,8,45.69,-118.85
PHI,SV,POD,0.8594249201277955,0.9136546184738956,0.05422969834610014,0.000694418250637294,6260,498,40.0136,-74.8174
PIH,SV,POD,0.34791059280855197,0.22274881516587677,-0.1251617776426752,0.0004131905464889258,1029,211,42.9,-112.58
PQR,SV,POD,0.21518987341772153,0.26666666666666666,0.051476793248945135,0.660808737134764,79,15,45.56,-122.53
PSR,SV,POD,0.6662983425414365,0.7304347826086957,0.06413644006725916,0.16709911201359295,905,115,33.43,-112.02
PUB,SV,POD,0.811906269791007,0.8284023668639053,0.01649609707289834,0.60078478167508,1579,169,38.27,-104.52
RAH,SV,POD,0.8566758863464923,0.8932806324110671,0.03660474606457487,0.025058417425454,3977,506,35.77,-78.68
REV,SV,POD,0.0967741935483871,0.12,0.0232258064516129,0.7475246654793966,62,25,39.56,-119.79
RIW,SV,POD,0.45093457943925236,0.25961538461538464,-0.19131919482386772,0.00038004710612104576,428,104,43.06,-108.47
RLX,SV,POD,0.7073170731707317,0.7182539682539683,0.010936895083236586,0.5504766956725756,3280,756,38.31,-81.71
RNK,SV,POD,0.7456828885400314,0.7175792507204611,-0.02810363781957026,0.10971798589773442,5733,694,37.2,-80.41
SGF,SV,POD,0.8508200404403505,0.905448717948718,0.05462867750836742,0.0002558450257205071,4451,624,37.23,-93.4
SGX,SV,POD,0.4161073825503356,0.23076923076923078,-0.1853381517811048,0.19103998910858888,149,13,32.91,-117.06
SHV,SV,POD,0.7963981990995498,0.8832271762208068,0.08682897712125703,6.687468404671257e-06,3998,471,32.45,-93.84
SJT,SV,POD,0.832112676056338,0.8678414096916299,0.03572873363529194,0.17085772978621372,1775,227,31.37,-100.49
SLC,SV,POD,0.32325581395348835,0.25161290322580643,-0.07164291072768192,0.06977422234511951,1290,155,40.77,-111.95
TAE,SV,POD,0.905814202960738,0.9376770538243626,0.031862850863624614,0.04576209814695332,4661,353,30.45,-84.3
TBW,SV,POD,0.5163551401869159,0.6666666666666666,0.15031152647975077,0.30397315722747953,428,12,27.7054,-82.4007
TFX,SV,POD,0.5692175408426483,0.546875,-0.022342540842648306,0.5627890508729747,1163,192,47.46,-111.38
TOP,SV,POD,0.866361071932299,0.78125,-0.08511107193229905,0.006206658862541572,2836,128,39.07,-95.63
TSA,SV,POD,0.8289258896506693,0.8918205804749341,0.0628946908242648,0.001818954509279257,3063,379,36.14,-95.86
TWC,SV,POD,0.7011070110701108,0.7380952380952381,0.036988227025127385,0.6130204115243942,542,42,32.22,-110.95
UNR,SV,POD,0.844925404496743,0.7839851024208566,-0.06094030207588641,0.00027260263353866585,4759,537,44.07,-103.21
VEF,SV,POD,0.5206349206349207,0.39325842696629215,-0.12737649366862852,0.02446270042399175,630,89,36.04,-115.18
ABQ,SV,LTA,17.75278810408922,16.575757575757574,-1.1770305283316453,0.4392238010063598,538,99,35.03,-106.62
ABR,SV,LTA,13.285004142502071,15.118881118881118,1.833876976379047,0.1766871088923303,1207,143,45.45,-98.41
AKQ,SV,LTA,15.213414634146341,14.877828054298643,-0.335586579847698,0.40099959851995404,1312,221,36.98,-77.0
ALY,SV,LTA,12.994206257242178,9.709090909090909,-3.285115348151269,0.06919886800741329,863,55,42.69,-73.83
AMA,SV,LTA,18.94144486692015,19.107382550335572,0.1659376834154216,0.9487050503525762,1315,149,35.23,-101.7
APX,SV,LTA,15.876288659793815,17.928571428571427,2.052282768777612,0.5652666178318817,194,14,44.9,-84.71
ARX,SV,LTA,14.623973727422003,13.033333333333333,-1.5906403940886698,0.6273161051384651,609,60,43.82,-91.19
BGM,SV,LTA,13.136460554371002,13.079545454545455,-0.05691509982554699,0.9704126498455279,938,88,42.21,-75.98
BIS,SV,LTA,15.79169992019154,15.23125,-0.5604499201915409,0.521341330948832,1253,160,46.77,-100.75
BMX,SV,LTA,14.430901287553649,17.670967741935485,3.240066454381836,0.011893561792840656,1165,155,33.17,-86.78
BOI,SV,LTA,15.271186440677965,9.6,-5.671186440677966,0.5231479806543777,59,5,43.56,-116.21
BOU,SV,LTA,12.726415094339623,12.047619047619047,-0.678796046720576,0.621506417331092,848,126,40.0,-105.26
BOX,SV,LTA,14.47887323943662,15.049180327868852,0.5703070884322319,0.6304586941120609,639,61,41.95,-71.13
BRO,SV,LTA,14.57943925233645,15.4,0.820560747663551,0.8058185617434608,107,15,25.91,-97.41
BTV,SV,LTA,15.408212560386474,14.063829787234043,-1.3443827731524305,0.614627351720691,414,47,44.46,-73.15
BUF,SV,LTA,15.01794453507341,13.26923076923077,-1.7487137658426395,0.5563323033609948,613,52,42.94,-78.71
BYZ,SV,LTA,16.633587786259543,20.818181818181817,4.184594031922273,0.00889509972106714,393,77,45.75,-108.57
CAE,SV,LTA,14.300291545189504,15.53191489361702,1.231623348427517,0.7098968220734951,1029,94,33.94,-81.12
CAR,SV,LTA,15.045685279187817,24.90909090909091,9.863405629903093,0.05212685784187126,197,11,45.78,-68.62
CHS,SV,LTA,13.59252336448598,11.22,-2.3725233644859802,0.2271164265245792,535,50,32.89,-80.02
CLE,SV,LTA,14.05373831775701,14.801980198019802,0.7482418802627926,0.9597496195196051,856,101,41.41,-81.86
CRP,SV,LTA,18.167539267015705,16.363636363636363,-1.803902903379342,0.769972565283638,191,22,27.77,-97.5
CTP,SV,LTA,15.26442721791559,13.449612403100776,-1.8148148148148149,0.11704746683137404,1161,129,40.79,-77.86
CYS,SV,LTA,14.20162224797219,14.268115942028986,0.0664936940567955,0.4711055441845211,863,138,41.15,-104.8
DDC,SV,LTA,15.24885496183206,16.238805970149254,0.9899510083171936,0.541792877556428,1310,134,37.76,-99.96
DLH,SV,LTA,14.116883116883116,14.931034482758621,0.8141513658755049,0.9876073792572078,616,58,46.83,-92.21
DMX,SV,LTA,13.56007944389275,12.752,-0.8080794438927494,0.41415741287533137,1007,125,41.73,-93.72
DTX,SV,LTA,15.921610169491526,17.833333333333332,1.9117231638418062,0.2947440539299444,472,54,42.68,-83.47
DVN,SV,LTA,14.423398328690809,15.60919540229885,1.1857970736080414,0.5275917095124711,1077,87,41.61,-90.58
EAX,SV,LTA,11.803660565723794,8.08,-3.723660565723794,3.146412307430286e-06,1202,150,38.8,-94.26
EPZ,SV,LTA,16.564356435643564,13.352941176470589,-3.211415259172975,0.5887303484715631,101,17,31.8728,-106.6982
EWX,SV,LTA,15.813333333333333,16.50485436893204,0.6915210355987078,0.30990497782339177,750,103,29.7044,-98.0289
FFC,SV,LTA,10.661120354963948,11.264864864864865,0.6037445099009169,0.7648765915540734,1803,185,33.36,-84.56
FGF,SV,LTA,15.061702127659574,15.09322033898305,0.03151821132347621,0.35235706816707857,1410,118,47.9219,-97.0981
FGZ,SV,LTA,12.883495145631068,16.0,3.116504854368932,0.7253917405140774,103,5,35.23,-111.82
FSD,SV,LTA,11.739022369511185,12.507853403141361,0.7688310336301765,0.8182736551300336,1207,191,43.5874,-96.7297
FWD,SV,LTA,17.75795297372061,14.647302904564315,-3.1106500691562946,0.0005115922011094542,1446,241,32.8349,-97.2988
GGW,SV,LTA,18.353070175438596,19.557692307692307,1.2046221322537107,0.5261186049804969,456,52,48.2,-106.62
GID,SV,LTA,12.637318255250404,13.408,0.770681744749595,0.668378942222435,1238,125,40.64,-98.38
GJT,SV,LTA,12.327272727272728,15.75,3.422727272727272,0.29474111050035645,55,12,39.11,-108.52
GLD,SV,LTA,16.14823717948718,14.738095238095237,-1.4101419413919416,0.19015055805329395,1248,168,39.36,-101.7
GRB,SV,LTA,16.234866828087167,11.127272727272727,-5.10759410081444,0.006379019310077124,413,55,44.49,-88.11
GRR,SV,LTA,16.412790697674417,21.193548387096776,4.780757689422359,0.07184978980403135,344,31,42.89,-85.54
GSP,SV,LTA,12.680446927374302,12.167630057803468,-0.5128168695708339,0.4522994956680426,1790,173,34.88,-82.22
GYX,SV,LTA,12.767964071856287,9.820512820512821,-2.947451251343466,0.031761320215484494,668,39,43.89,-70.25
HGX,SV,LTA,13.46908315565032,16.618181818181817,3.1490986625314967,0.08538784613889154,469,55,29.47,-95.07
HUN,SV,LTA,12.392335766423358,13.535714285714286,1.1433785192909287,0.96417344390691,548,112,34.72,-86.65
ICT,SV,LTA,16.380248833592535,15.237804878048781,-1.1424439555437544,0.5462000954953525,1286,164,37.65,-97.44
ILM,SV,LTA,14.412371134020619,19.08695652173913,4.67458538771851,0.03124931805838404,388,46,34.27,-77.91
ILN,SV,LTA,11.931960608773501,14.123188405797102,2.1912277970236005,0.06075507461358645,1117,138,39.42,-83.82
ILX,SV,LTA,13.097796143250688,11.867256637168142,-1.2305395060825468,0.12440393582511688,726,113,40.15,-89.33
IND,SV,LTA,12.888741721854304,12.02919708029197,-0.8595446415623336,0.19360946569254733,755,137,39.7,-86.28
IWX,SV,LTA,12.965703971119133,10.65079365079365,-2.314910320325483,0.042252751133161646,554,63,41.35,-85.7
JAN,SV,LTA,16.55043758636573,17.664359861591695,1.1139222752259634,0.2999019812092918,2171,289,32.31,-90.08
JAX,SV,LTA,14.447658402203857,10.875,-3.5726584022038566,0.060938468110729054,726,48,30.48,-81.7
JKL,SV,LTA,10.80281690140845,10.716867469879517,-0.08594943152893286,0.5886059903051286,710,166,37.59,-83.31
LBF,SV,LTA,13.71870794078062,14.727272727272727,1.0085647864921068,0.36731800747586907,1486,121,41.13,-100.7
LCH,SV,LTA,16.59111111111111,14.571428571428571,-2.01968253968254,0.3139239390567091,450,70,30.12,-93.21
LIX,SV,LTA,13.422391857506362,16.8,3.3776081424936386,0.01565129191844946,393,90,30.33,-89.82
LMK,SV,LTA,11.004633204633205,11.94047619047619,0.9358429858429851,0.21385650097054532,1295,168,38.11,-85.64
LOT,SV,LTA,14.669117647058824,13.610526315789473,-1.0585913312693513,0.4137502293435458,680,95,41.6,-88.08
LOX,SV,LTA,15.066666666666666,21.142857142857142,6.076190476190476,0.45869948979463626,15,7,34.2,-119.13
LSX,SV,LTA,13.548672566371682,13.932038834951456,0.38336626857977407,0.6121052280588155,1130,103,38.69,-90.68
LUB,SV,LTA,17.01963190184049,16.392,-0.6276319018404912,0.44908142761428615,815,125,33.52,-101.87
LWX,SV,LTA,11.391321193335916,11.080882352941176,-0.31043884039474,0.8206207008054606,2581,272,38.97,-77.47
LZK,SV,LTA,15.421900161030596,16.593220338983052,1.171320177952456,0.3354963900386513,1242,118,34.83,-92.25
MAF,SV,LTA,18.246719160104988,19.417910447761194,1.1711912876562067,0.24765328160196165,762,134,31.94,-102.18
MEG,SV,LTA,14.783050847457627,14.691449814126393,-0.0916010333312336,0.6066061036957637,1180,269,35.13,-89.8
MFL,SV,LTA,11.353741496598639,10.904761904761905,-0.44897959183673386,0.6656022954882721,147,21,25.75,-80.38
MHX,SV,LTA,16.79076086956522,14.3,-2.490760869565218,0.07032008216041657,368,50,34.77,-76.87
MKX,SV,LTA,14.518095238095238,13.782608695652174,-0.7354865424430646,0.4818733236470705,525,69,42.96,-88.54
MLB,SV,LTA,13.0,10.2,-2.8000000000000007,0.3195654835224139,195,15,28.11,-80.65
MOB,SV,LTA,16.06201550387597,20.303030303030305,4.241014799154335,0.06818655157347076,645,33,30.67,-88.23
MPX,SV,LTA,13.588865096359743,11.353535353535353,-2.2353297428243906,0.016603630674726685,934,99,44.849,-93.5656
MQT,SV,LTA,14.073033707865168,16.285714285714285,2.2126805778491168,0.8689632130514964,178,14,46.53,-87.54
MRX,SV,LTA,16.647149460708782,17.005347593582886,0.3581981328741044,0.7115271173057653,1298,187,36.16,-83.4
OAX,SV,LTA,12.648006785411365,14.291338582677165,1.6433317972658,0.23791088246745495,1179,127,41.3201,-96.3672
OHX,SV,LTA,10.576693227091633,16.108527131782946,5.531833904691313,3.646797232612098e-06,1004,129,36.24,-86.56
OKX,SV,LTA,14.685446009389672,15.735294117647058,1.049848108257386,0.5609023118764864,426,34,40.86,-72.86
OUN,SV,LTA,15.85622747296756,15.435483870967742,-0.42074360199981875,0.7896353679306706,2497,372,35.23,-97.46
PAH,SV,LTA,13.865290068829891,13.915584415584416,0.05029434675452471,0.4474235388554688,1017,154,37.06,-88.77
PBZ,SV,LTA,11.611510791366907,12.72,1.1084892086330935,0.32538822216111674,1529,175,40.53,-80.21
PHI,SV,LTA,12.115465360391882,13.51908396946565,1.4036186090737672,0.049877180415874404,1429,131,40.0136,-74.8174
PIH,SV,LTA,13.181818181818182,10.642857142857142,-2.5389610389610393,0.20474426212397,121,14,42.9,-112.58
PSR,SV,LTA,13.430555555555555,13.057142857142857,-0.3734126984126984,0.9144413295428915,288,35,33.43,-112.02
PUB,SV,LTA,14.570996978851964,12.294117647058824,-2.2768793317931397,0.29804246925195277,662,68,38.27,-104.52
RAH,SV,LTA,13.707889125799573,13.819512195121952,0.11162306932237875,0.9964737295252583,1407,205,35.77,-78.68
RIW,SV,LTA,15.841666666666667,13.0,-2.841666666666667,0.2721048018636536,120,21,43.06,-108.47
RLX,SV,LTA,12.517311608961304,12.200980392156863,-0.316331216804441,0.6992429797643656,982,204,38.31,-81.71
RNK,SV,LTA,13.056755089450956,13.514450867052023,0.4576957776010673,0.9691202383120897,1621,173,37.2,-80.41
SGF,SV,LTA,15.303582270795385,15.25,-0.0535822707953848,0.9397296087422687,1647,168,37.23,-93.4
SHV,SV,LTA,15.12759067357513,16.007782101167315,0.8801914275921856,0.7682186752453477,1544,257,32.45,-93.84
SJT,SV,LTA,16.910287081339714,18.642857142857142,1.7325700615174284,0.23438171404010477,836,112,31.37,-100.49
SLC,SV,LTA,13.538095238095238,15.818181818181818,2.2800865800865804,0.14927124538385886,210,22,40.77,-111.95
TAE,SV,LTA,16.518336070060208,18.280701754385966,1.7623656843257578,0.4380506153163142,1827,171,30.45,-84.3
TBW,SV,LTA,12.375,14.5,2.125,0.4568545313330502,144,6,27.7054,-82.4007
TFX,SV,LTA,12.407514450867051,16.314814814814813,3.907300363947762,0.0758079769086518,346,54,47.46,-111.38
TOP,SV,LTA,13.710720887245841,12.646153846153846,-1.0645670410919958,0.8015450403779025,1082,65,39.07,-95.63
TSA,SV,LTA,14.97668810289389,15.11111111111111,0.13442300821722064,0.7357331756844531,1244,144,36.14,-95.86
TWC,SV,LTA,14.864253393665159,8.818181818181818,-6.0460715754833405,0.005328099131389861,221,22,32.22,-110.95
UNR,SV,LTA,14.845532319391635,13.682242990654206,-1.163289328737429,0.0999563213827277,2104,214,44.07,-103.21
VEF,SV,LTA,18.694915254237287,12.846153846153847,-5.8487614080834405,0.15294861010368072,118,13,36.04,-115.18
ABQ,FF,FAR,0.7704590818363274,0.7012987012987013,-0.06916038053762608,0.02704254010551991,1002,231,35.03,-106.62
ABR,FF,FAR,0.5178571428571428,0.6,0.08214285714285718,0.5710628511849575,56,15,45.45,-98.41
AKQ,FF,FAR,0.28600823045267487,0.24277456647398843,-0.04323366397868644,0.2739158923135552,486,173,36.98,-77.0
ALY,FF,FAR,0.42038216560509556,0.5,0.07961783439490444,0.6214453885995002,157,10,42.69,-73.83
AMA,FF,FAR,0.5928571428571429,0.8055555555555556,0.21269841269841272,0.017975594152905824,140,36,35.23,-101.7
APX,FF,FAR,0.7317073170731707,0.8333333333333334,0.10162601626016265,0.5938895344717329,41,6,44.9,-84.71
ARX,FF,FAR,0.34375,0.3846153846153846,0.04086538461538458,0.7644131077478904,192,13,43.82,-91.19
BGM,FF,FAR,0.4569190600522193,0.375,-0.08191906005221927,0.19929163413508966,383,72,42.21,-75.98
BMX,FF,FAR,0.3506944444444444,0.3142857142857143,-0.03640873015873014,0.6691221895749986,288,35,33.17,-86.78
BOI,FF,FAR,0.8913043478260869,0.6363636363636364,-0.25494071146245056,0.037242158614803185,46,11,43.56,-116.21
BOU,FF,FAR,0.7672131147540984,0.9090909090909091,0.1418777943368107,0.12273997515926899,305,22,40.0,-105.26
BOX,FF,FAR,0.7926829268292683,0.26315789473684215,-0.5295250320924262,2.357161651163536e-07,246,19,41.95,-71.13
BRO,FF,FAR,0.6794871794871795,0.7,0.02051282051282044,0.8528936630737378,156,20,25.91,-97.41
BTV,FF,FAR,0.3384615384615385,0.375,0.03653846153846152,0.8323730366393844,130,8,44.46,-73.15
BUF,FF,FAR,0.37323943661971826,0.33333333333333337,-0.039906103286384886,0.7234064104953202,142,21,42.94,-78.71
BYZ,FF,FAR,0.6710526315789473,1.0,0.32894736842105265,0.0028587773628354365,76,20,45.75,-108.57
CAE,FF,FAR,0.23899371069182385,0.2222222222222222,-0.016771488469601636,0.8740420398735482,159,18,33.94,-81.12
CAR,FF,FAR,0.5833333333333333,0.6,0.01666666666666672,0.9434902551855249,36,5,45.78,-68.62
CHS,FF,FAR,0.3666666666666667,0.3870967741935484,0.02043010752688168,0.8485815512896583,60,31,32.89,-80.02
CLE,FF,FAR,0.6236559139784946,0.8571428571428572,0.23348694316436258,0.0792249353767016,186,14,41.41,-81.86
CRP,FF,FAR,0.5888501742160279,0.7142857142857143,0.12543554006968638,0.25787512162428516,287,21,27.77,-97.5
CTP,FF,FAR,0.36787564766839376,0.5512820512820513,0.18340640361365756,0.0056228757793339275,193,78,40.79,-77.86
CYS,FF,FAR,0.40764331210191085,0.19999999999999996,-0.2076433121019109,0.3510572269647835,157,5,41.15,-104.8
DDC,FF,FAR,0.7102272727272727,0.6956521739130435,-0.014575098814229248,0.8849829295237641,176,23,37.76,-99.96
DLH,FF,FAR,0.4301075268817204,0.4285714285714286,-0.001536098310291778,0.9913641688771794,93,14,46.83,-92.21
DMX,FF,FAR,0.44375,0.6111111111111112,0.16736111111111118,0.17683206574247046,160,18,41.73,-93.72
DTX,FF,FAR,0.9761904761904762,0.4,-0.5761904761904761,1.6046228376419476e-06,42,10,42.68,-83.47
DVN,FF,FAR,0.46691176470588236,0.3902439024390244,-0.07666786226685796,0.358257260802862,272,41,41.61,-90.58
EAX,FF,FAR,0.44482758620689655,0.23809523809523814,-0.20673234811165841,0.011144433238411954,290,42,38.8,-94.26
EKA,FF,FAR,0.9,1.0,0.09999999999999998,0.35738571603752656,10,8,40.8,-124.16
EPZ,FF,FAR,0.8634361233480177,0.796875,-0.06656112334801767,0.033262030694601895,454,192,31.8728,-106.6982
EWX,FF,FAR,0.37002341920374704,0.5660377358490566,0.19601431664530955,0.00023881760250832034,427,106,29.7044,-98.0289
FFC,FF,FAR,0.5184331797235022,0.5,-0.018433179723502224,0.8119669905751106,434,46,33.36,-84.56
FGF,FF,FAR,0.29230769230769227,0.46153846153846156,0.1692307692307693,0.23264712837460544,65,13,47.9219,-97.0981
FGZ,FF,FAR,0.6984126984126984,0.6811594202898551,-0.017253278122843274,0.7619636454433873,1134,69,35.23,-111.82
FSD,FF,FAR,0.38378378378378375,0.64,0.25621621621621626,0.014648440279473785,185,25,43.5874,-96.7297
FWD,FF,FAR,0.44279661016949157,0.3928571428571429,-0.04993946731234866,0.2947478241108221,472,140,32.8349,-97.2988
GID,FF,FAR,0.6934306569343065,0.7333333333333334,0.03990267639902689,0.7494438570322661,137,15,40.64,-98.38
GJT,FF,FAR,0.7929824561403509,0.7727272727272727,-0.020255183413078193,0.7587178116455564,285,44,39.11,-108.52
GLD,FF,FAR,0.7373493975903614,0.875,0.13765060240963856,0.2166216608491549,415,16,39.36,-101.7
GRB,FF,FAR,0.4375,0.33333333333333337,-0.10416666666666663,0.6353274751385691,32,6,44.49,-88.11
GSP,FF,FAR,0.4504504504504504,0.15384615384615385,-0.29660429660429655,0.0337936305112506,444,13,34.88,-82.22
GYX,FF,FAR,0.4910714285714286,0.2857142857142857,-0.2053571428571429,0.2843724980227438,224,7,43.89,-70.25
HFO,FF,FAR,0.584664536741214,0.7692307692307692,0.18456623248955517,0.18457995107953695,313,13,,
HGX,FF,FAR,0.5732217573221757,0.7142857142857143,0.14106395696353857,0.29227723954678453,478,14,29.47,-95.07
HNX,FF,FAR,0.8392857142857143,0.7096774193548387,-0.12960829493087556,0.07603732630768315,224,31,36.31,-119.63
HUN,FF,FAR,0.6719999999999999,0.6086956521739131,-0.06330434782608685,0.40413572305484546,250,46,34.72,-86.65
ICT,FF,FAR,0.2645161290322581,0.3846153846153846,0.12009925558312651,0.20776898810637812,155,26,37.65,-97.44
ILM,FF,FAR,0.3207547169811321,0.25,-0.07075471698113212,0.611134039207597,159,12,34.27,-77.91
ILN,FF,FAR,0.38845144356955386,0.4347826086956522,0.04633116512609836,0.5434469768190382,381,46,39.42,-83.82
ILX,FF,FAR,0.6346153846153846,0.6521739130434783,0.01755852842809369,0.8658898697389787,312,23,40.15,-89.33
IND,FF,FAR,0.4426229508196722,0.5151515151515151,0.07252856433184296,0.44111718931910693,183,33,39.7,-86.28
JAN,FF,FAR,0.3914438502673797,0.4821428571428571,0.09069900687547738,0.17775580837587823,935,56,32.31,-90.08
JAX,FF,FAR,0.7307692307692308,0.8387096774193549,0.10794044665012403,0.21966651404482995,104,31,30.48,-81.7
JKL,FF,FAR,0.537037037037037,0.6060606060606061,0.0690235690235691,0.29859328036004096,378,66,37.59,-83.31
LBF,FF,FAR,0.6721311475409837,0.5384615384615384,-0.13366960907944525,0.3337101488470162,122,13,41.13,-100.7
LCH,FF,FAR,0.5247524752475248,0.4383561643835616,-0.08639631086396315,0.1596230827982037,707,73,30.12,-93.21
LIX,FF,FAR,0.5945017182130584,0.4814814814814815,-0.1130202367315769,0.10687741177421048,582,54,30.33,-89.82
LMK,FF,FAR,0.3819951338199513,0.3033707865168539,-0.07862434730309742,0.1631792678249545,411,89,38.11,-85.64
LOT,FF,FAR,0.5246913580246914,0.4411764705882353,-0.08351488743645608,0.3758158787332321,162,34,41.6,-88.08
LOX,FF,FAR,0.5739644970414202,0.532258064516129,-0.04170643252529116,0.5712170635420111,169,62,34.2,-119.13
LSX,FF,FAR,0.47619047619047616,0.6274509803921569,0.1512605042016807,0.04131635941522801,420,51,38.69,-90.68
LUB,FF,FAR,0.6850393700787402,0.7169811320754718,0.0319417619967316,0.6715425233149998,127,53,33.52,-101.87
LWX,FF,FAR,0.5193370165745856,0.36363636363636365,-0.155700652938222,0.0009191290030416314,543,143,38.97,-77.47
LZK,FF,FAR,0.6423913043478261,0.6131386861313868,-0.02925261821643932,0.5060982647226328,920,137,34.83,-92.25
MAF,FF,FAR,0.7519083969465649,0.78125,0.02934160305343514,0.4873546698536687,524,128,31.94,-102.18
MEG,FF,FAR,0.6283333333333334,0.43529411764705883,-0.19303921568627458,0.0006583425057696791,600,85,35.13,-89.8
MFL,FF,FAR,0.6068965517241379,0.6,-0.006896551724137945,0.9655603965310733,145,10,25.75,-80.38
MHX,FF,FAR,0.4126984126984127,0.17647058823529416,-0.23622782446311852,0.060209442555188834,126,17,34.77,-76.87
MKX,FF,FAR,0.4838709677419355,0.6111111111111112,0.12724014336917566,0.3230066229596428,93,18,42.96,-88.54
MLB,FF,FAR,0.6842105263157895,0.6666666666666667,-0.01754385964912275,0.8855485644487172,38,24,28.11,-80.65
MOB,FF,FAR,0.5505376344086022,0.5882352941176471,0.03769765970904493,0.6695255689584768,465,34,30.67,-88.23
MPX,FF,FAR,0.6106194690265487,0.5909090909090908,-0.019710378117457905,0.8624880628295305,113,22,44.849,-93.5656
MRX,FF,FAR,0.381578947368421,0.4545454545454546,0.07296650717703357,0.27161900547418927,304,66,36.16,-83.4
MTR,FF,FAR,0.9044117647058824,0.375,-0.5294117647058824,1.0817468669099238e-05,136,8,36.59,-121.85
OAX,FF,FAR,0.5779816513761468,0.6470588235294117,0.06907717215326492,0.5779718094334636,218,17,41.3201,-96.3672
OHX,FF,FAR,0.3611940298507462,0.6629213483146068,0.3017273184638606,3.071854349984886e-07,335,89,36.24,-86.56
OKX,FF,FAR,0.24846625766871167,0.11538461538461542,-0.13308164228409625,0.12550576356809873,326,26,40.86,-72.86
OUN,FF,FAR,0.6217870257037943,0.7682926829268293,0.146505657223035,0.000342193469095958,817,164,35.23,-97.46
PAH,FF,FAR,0.4922360248447205,0.43956043956043955,-0.05267558528428096,0.3466526297686303,644,91,37.06,-88.77
PBZ,FF,FAR,0.2707423580786026,0.256,-0.01474235807860258,0.7414006499840645,458,125,40.53,-80.21
PHI,FF,FAR,0.46698872785829304,0.42708333333333337,-0.03990539452495967,0.46544967837240314,621,96,40.0136,-74.8174
PSR,FF,FAR,0.6009345794392523,0.40909090909090906,-0.19184367034834326,0.00010192023210169777,1070,110,33.43,-112.02
PUB,FF,FAR,0.7226148409893993,0.9,0.1773851590106007,0.002909203228572592,566,60,38.27,-104.52
RAH,FF,FAR,0.3638443935926774,0.3098591549295775,-0.0539852386630999,0.3783313222400043,437,71,35.77,-78.68
REV,FF,FAR,0.8859649122807017,0.5714285714285714,-0.31453634085213034,0.0017844891282702798,114,14,39.56,-119.79
RLX,FF,FAR,0.44095665171898357,0.4528301886792453,0.011873536960261721,0.7864610372324263,669,159,38.31,-81.71
RNK,FF,FAR,0.43838383838383843,0.4675324675324676,0.029148629148629146,0.6318813497759495,495,77,37.2,-80.41
SGF,FF,FAR,0.3950276243093923,0.4626865671641791,0.0676589428547868,0.2796133672656965,724,67,37.23,-93.4
SGX,FF,FAR,0.6075471698113207,0.7777777777777778,0.17023060796645706,0.047401885746479924,265,36,32.91,-117.06
SHV,FF,FAR,0.34736842105263155,0.42307692307692313,0.07570850202429158,0.14538147099231047,475,104,32.45,-93.84
SJT,FF,FAR,0.70446735395189,0.7478991596638656,0.04343180571197558,0.37552583235017023,291,119,31.37,-100.49
SLC,FF,FAR,0.6381909547738693,0.6,-0.03819095477386936,0.6077314172449859,597,45,40.77,-111.95
STO,FF,FAR,0.7659574468085106,0.6,-0.16595744680851066,0.4152111314519643,47,5,38.6,-121.38
TAE,FF,FAR,0.2902439024390244,0.5526315789473684,0.26238767650834394,0.0008428935529779319,410,38,30.45,-84.3
TBW,FF,FAR,0.7435897435897436,0.6666666666666667,-0.07692307692307687,0.691614945357707,39,6,27.7054,-82.4007
TFX,FF,FAR,0.7428571428571429,0.8,0.05714285714285716,0.7825279247400676,35,5,47.46,-111.38
TOP,FF,FAR,0.5447761194029851,0.7241379310344828,0.17936181163149767,0.06439157344894171,268,29,39.07,-95.63
TSA,FF,FAR,0.6155606407322655,0.75,0.13443935926773454,0.010190065411331842,437,104,36.14,-95.86
TWC,FF,FAR,0.7943368107302533,0.7571428571428571,-0.03719395358739619,0.4665666986956636,671,70,32.22,-110.95
VEF,FF,FAR,0.6354256233877902,0.6504065040650406,0.014980880677250452,0.7424967725866762,1163,123,36.04,-115.18
ABQ,FF,POD,0.670846394984326,0.899641577060932,0.22879518207660599,3.556668336411751e-13,638,279,35.03,-106.62
ABR,FF,POD,0.6590909090909091,0.5833333333333334,-0.07575757575757569,0.6273363307249378,44,12,45.45,-98.41
AJK,FF,POD,0.0,0.0,0.0,,67,8,,
AKQ,FF,POD,0.9507042253521126,0.9228395061728395,-0.027864719179273134,0.0754510926094169,710,324,36.98,-77.0
ALY,FF,POD,0.8256880733944955,0.875,0.04931192660550454,0.6098230680691827,327,16,42.69,-73.83
AMA,FF,POD,0.8273381294964028,0.6153846153846154,-0.21195351411178742,0.06289946775551607,139,13,35.23,-101.7
ARX,FF,POD,0.8120950323974082,0.8888888888888888,0.07679385649148063,0.41041327394527904,463,18,43.82,-91.19
BGM,FF,POD,0.8424657534246576,0.9112903225806451,0.06882456915598756,0.04571752635919327,730,124,42.21,-75.98
BMX,FF,POD,0.8682476943346509,0.8253968253968254,-0.042850868937825526,0.3389248505524859,759,63,33.17,-86.78
BOI,FF,POD,0.5833333333333334,0.3,-0.2833333333333334,0.11412959819122644,12,20,43.56,-116.21
BOU,FF,POD,0.7753623188405797,0.6,-0.17536231884057973,0.3605738160262373,138,5,40.0,-105.26
BOX,FF,POD,0.8947368421052632,0.8666666666666667,-0.028070175438596467,0.5692908206298151,342,45,41.95,-71.13
BRO,FF,POD,0.8853503184713376,0.8125,-0.0728503184713376,0.39530989928912896,157,16,25.91,-97.41
BTV,FF,POD,0.8432055749128919,0.6,-0.24320557491289196,0.0009651037732221597,287,30,44.46,-73.15
BUF,FF,POD,0.9515570934256056,0.9487179487179487,-0.002839144707656893,0.9384147746785984,289,39,42.94,-78.71
CAE,FF,POD,0.9029126213592233,0.975609756097561,0.07269713473833761,0.12179790362317595,412,41,33.94,-81.12
CAR,FF,POD,0.375,0.19047619047619047,-0.18452380952380953,0.11126298602748216,80,21,45.78,-68.62
CHS,FF,POD,0.6987951807228916,0.8558558558558559,0.1570606751329643,0.0026398249192335476,166,111,32.89,-80.02
CRP,FF,POD,0.7303030303030303,0.6666666666666666,-0.06363636363636371,0.6264999305603305,330,12,27.77,-97.5
CTP,FF,POD,0.85625,0.9428571428571428,0.08660714285714288,0.018775085370812076,320,105,40.79,-77.86
CYS,FF,POD,0.907103825136612,1.0,0.09289617486338797,0.3664175067387615,183,8,41.15,-104.8
DDC,FF,POD,0.6698113207547169,0.6875,0.017688679245283057,0.8882713420847386,106,16,37.76,-99.96
DLH,FF,POD,0.751219512195122,0.84,0.08878048780487802,0.3258586496828948,205,25,46.83,-92.21
DMX,FF,POD,0.796078431372549,0.8181818181818182,0.022103386809269265,0.8583745178427183,255,11,41.73,-93.72
DVN,FF,POD,0.8225806451612904,0.8904109589041096,0.06783031374281923,0.15959445476842815,310,73,41.61,-90.58
EAX,FF,POD,0.9237113402061856,0.9470588235294117,0.023347483323226115,0.30531349079402526,485,170,38.8,-94.26
EKA,FF,POD,0.003472222222222222,0.0,-0.003472222222222222,0.5342057197535255,288,111,40.8,-124.16
EPZ,FF,POD,0.5897435897435898,0.7763157894736842,0.18657219973009442,0.0051439267963610345,156,76,31.8728,-106.6982
EWX,FF,POD,0.8954983922829582,0.8728813559322034,-0.02261703635075485,0.4682135986203593,622,118,29.7044,-98.0289
FFC,FF,POD,0.6852035749751738,0.7183098591549296,0.03310628417975581,0.5608223595542148,1007,71,33.36,-84.56
FGF,FF,POD,0.8901098901098901,0.9230769230769231,0.03296703296703307,0.7176990851206654,91,13,47.9219,-97.0981
FGZ,FF,POD,0.6497175141242938,0.5454545454545454,-0.10426296866974838,0.12021860156897721,708,55,35.23,-111.82
FSD,FF,POD,0.8493150684931506,0.7368421052631579,-0.11247296322999278,0.1991795556139795,219,19,43.5874,-96.7297
FWD,FF,POD,0.8543516873889876,0.8415094339622642,-0.012842253426723405,0.6290252639402767,563,265,32.8349,-97.2988
GID,FF,POD,0.7142857142857143,0.9,0.18571428571428572,0.20684597845363695,98,10,40.64,-98.38
GJT,FF,POD,0.3835616438356164,0.4838709677419355,0.10030932390631908,0.28514682671758274,219,31,39.11,-108.52
GLD,FF,POD,0.6085526315789473,0.8,0.1914473684210527,0.38363286664516116,304,5,39.36,-101.7
GRB,FF,POD,0.8285714285714286,0.9166666666666666,0.088095238095238,0.45949096538580136,35,12,44.49,-88.11
GSP,FF,POD,0.8002594033722439,0.8571428571428571,0.05688345377061321,0.3665493642947196,771,42,34.88,-82.22
GYX,FF,POD,0.868020304568528,0.6666666666666666,-0.20135363790186134,0.04629869399690799,394,12,43.89,-70.25
HFO,FF,POD,0.7528735632183908,0.7777777777777778,0.02490421455938696,0.8640985536054184,348,9,,
HGX,FF,POD,0.8081705150976909,0.95,0.14182948490230907,0.10988678377020165,563,20,29.47,-95.07
HNX,FF,POD,0.1611842105263158,0.20754716981132076,0.04636295928500497,0.40486513948743597,304,53,36.31,-119.63
HUN,FF,POD,0.5761421319796954,0.6515151515151515,0.07537301953545605,0.24975305827421956,394,66,34.72,-86.65
ICT,FF,POD,0.9695121951219512,0.9206349206349206,-0.04887727448703061,0.06431890622553466,328,63,37.65,-97.44
ILM,FF,POD,0.9148471615720524,0.875,-0.03984716157205237,0.5772748107214309,458,16,34.27,-77.91
ILN,FF,POD,0.828060522696011,0.7247706422018348,-0.1032898804941762,0.009663908085433407,727,109,39.42,-83.82
ILX,FF,POD,0.7898305084745763,0.7647058823529411,-0.02512462612163513,0.8051827394915635,295,17,40.15,-89.33
IND,FF,POD,0.9190751445086706,0.6923076923076923,-0.22676745220097827,0.0005858026433878821,173,26,39.7,-86.28
IWX,FF,POD,0.6823529411764706,0.3333333333333333,-0.3490196078431373,0.08126229913982586,85,6,41.35,-85.7
JAN,FF,POD,0.8420779220779221,0.8472222222222222,0.005144300144300118,0.9064014784227274,1925,72,32.31,-90.08
JAX,FF,POD,0.7866666666666666,0.625,-0.16166666666666663,0.1703174271461455,75,16,30.48,-81.7
JKL,FF,POD,0.7605177993527508,0.7567567567567568,-0.0037610425959939686,0.9319283896151396,618,111,37.59,-83.31
LBF,FF,POD,0.6428571428571429,0.9,0.2571428571428571,0.09906341029643732,112,10,41.13,-100.7
LCH,FF,POD,0.8835164835164835,0.9389312977099237,0.05541481419344019,0.05757003406357608,910,131,30.12,-93.21
LIX,FF,POD,0.8622540250447227,0.9658119658119658,0.10355794076724312,0.0017093825884557045,559,117,30.33,-89.82
LMK,FF,POD,0.8406015037593985,0.8627450980392157,0.02214359427981727,0.49528259437352773,665,153,38.11,-85.64
LOT,FF,POD,0.7774725274725275,0.7846153846153846,0.0071428571428571175,0.866124526467948,364,130,41.6,-88.08
LOX,FF,POD,0.6198501872659176,0.6292134831460674,0.009363295880149836,0.823428970013846,534,178,34.2,-119.13
LSX,FF,POD,0.8819444444444444,0.673469387755102,-0.2084750566893424,3.1946533358994495e-08,720,98,38.69,-90.68
LUB,FF,POD,0.7926829268292683,0.717948717948718,-0.07473420888055038,0.3622815696849717,82,39,33.52,-101.87
LWX,FF,POD,0.8692971639950678,0.9322709163346613,0.06297375233959346,0.006440265706075674,811,251,38.97,-77.47
LZK,FF,POD,0.9013254786450663,0.9310344827586207,0.02970900411355437,0.37425919195413204,679,87,34.83,-92.25
MAF,FF,POD,0.6824324324324325,0.5915492957746479,-0.09088313665778458,0.14513087461815236,296,71,31.94,-102.18
MEG,FF,POD,0.7686116700201208,0.864,0.09538832997987923,0.019726101551499765,497,125,35.13,-89.8
MFL,FF,POD,0.7151162790697675,1.0,0.2848837209302325,0.048331863028719425,172,10,25.75,-80.38
MHX,FF,POD,0.9512195121951219,1.0,0.04878048780487809,0.15899697647423527,205,39,34.77,-76.87
MKX,FF,POD,0.7248322147651006,0.55,-0.17483221476510058,0.10773106930072371,149,20,42.96,-88.54
MLB,FF,POD,0.5897435897435898,0.8888888888888888,0.2991452991452991,0.09075691962771294,39,9,28.11,-80.65
MOB,FF,POD,0.9393382352941176,1.0,0.06066176470588236,0.24476881150070584,544,21,30.67,-88.23
MPX,FF,POD,0.7280701754385965,0.625,-0.10307017543859653,0.3117530210624938,114,24,44.849,-93.5656
MQT,FF,POD,0.640625,0.625,-0.015625,0.9074251424900258,64,16,46.53,-87.54
MRX,FF,POD,0.7457212713936431,0.8484848484848485,0.10276357709120543,0.06969294758833362,409,66,36.16,-83.4
MSO,FF,POD,0.3,0.0,-0.3,0.08051151994050228,20,8,46.92,-114.09
MTR,FF,POD,0.054901960784313725,0.12359550561797752,0.0686935448336638,0.01536228760991737,510,89,36.59,-121.85
OAX,FF,POD,0.8081632653061225,0.6363636363636364,-0.17179962894248613,0.1628363287230734,245,11,41.3201,-96.3672
OHX,FF,POD,0.7790549169859514,0.8352941176470589,0.056239200661107436,0.23098341956184065,783,85,36.24,-86.56
OKX,FF,POD,0.8328840970350404,0.9574468085106383,0.12456271147559794,0.00145097399520502,1113,94,40.86,-72.86
OTX,FF,POD,0.3004694835680751,0.0,-0.3004694835680751,0.012308446346079069,213,15,47.68,-117.62
OUN,FF,POD,0.8543543543543544,0.7529411764705882,-0.10141317788376614,0.015543657568462044,666,85,35.23,-97.46
PAH,FF,POD,0.8629961587708067,0.8503937007874016,-0.012602457983405091,0.7031954790898794,781,127,37.06,-88.77
PBZ,FF,POD,0.8809182209469153,0.915929203539823,0.03501098259290769,0.03910366381942525,1394,452,40.53,-80.21
PHI,FF,POD,0.9329863370201692,0.9605911330049262,0.027604795984756958,0.13038307258639106,1537,203,40.0136,-74.8174
PQR,FF,POD,0.024390243902439025,0.0,-0.024390243902439025,0.43136817766149227,41,25,45.56,-122.53
PSR,FF,POD,0.8404522613065326,0.8936170212765957,0.05316475997006309,0.1046585296456468,796,141,33.43,-112.02
PUB,FF,POD,0.8050314465408805,0.5833333333333334,-0.22169811320754718,0.060907656130536274,318,12,38.27,-104.52
RAH,FF,POD,0.8772298006295908,0.93125,0.05402019937040925,0.04748769133565067,953,160,35.77,-78.68
REV,FF,POD,0.19626168224299065,0.21875,0.022488317757009352,0.7807931252802582,107,32,39.56,-119.79
RLX,FF,POD,0.7749603803486529,0.7360515021459227,-0.038908878202730146,0.09072455200964218,1262,466,38.31,-81.71
RNK,FF,POD,0.7418397626112759,0.7687861271676301,0.02694636455635413,0.4519539827818234,1011,173,37.2,-80.41
SEW,FF,POD,0.0,0.0,0.0,,41,7,47.68,-122.25
SGF,FF,POD,0.8621276595744681,0.7695473251028807,-0.09258033447158742,0.0002703507697319121,1175,243,37.23,-93.4
SGX,FF,POD,0.4524959742351047,0.4666666666666667,0.014170692431561993,0.8537112722883329,621,45,32.91,-117.06
SHV,FF,POD,0.85969868173258,0.9084507042253521,0.04875202249277211,0.10984311695623944,1062,142,32.45,-93.84
SJT,FF,POD,0.7045454545454546,0.9245283018867925,0.21998284734133788,0.0010888262237635578,176,53,31.37,-100.49
SLC,FF,POD,0.6183908045977011,0.46938775510204084,-0.1490030494956603,0.04325464671358066,435,49,40.77,-111.95
STO,FF,POD,0.18181818181818182,0.11764705882352941,-0.06417112299465241,0.3802005096254406,110,34,38.6,-121.38
TAE,FF,POD,0.9466811751904244,1.0,0.053318824809575616,0.28882569805195146,919,20,30.45,-84.3
TBW,FF,POD,0.75,0.3333333333333333,-0.4166666666666667,0.043914944671567015,32,6,27.7054,-82.4007
TOP,FF,POD,0.8791208791208791,0.7692307692307693,-0.10989010989010983,0.24320764235811898,273,13,39.07,-95.63
TSA,FF,POD,0.768642447418738,0.7708333333333334,0.002190885914595375,0.9725119343404439,523,48,36.14,-95.86
TWC,FF,POD,0.6860068259385665,0.5714285714285714,-0.11457825450999515,0.114496217169081,293,49,32.22,-110.95
VEF,FF,POD,0.667447306791569,0.6716417910447762,0.00419448425320712,0.9218618710461665,1281,134,36.04,-115.18
ABQ,FF,LTA,59.391304347826086,45.666666666666664,-13.724637681159422,0.05778161525694376,230,69,35.03,-106.62
ABR,FF,LTA,66.55555555555556,73.5,6.944444444444443,1.0,27,6,45.45,-98.41
AKQ,FF,LTA,46.0,48.725190839694655,2.7251908396946547,0.6146953282234207,347,131,36.98,-77.0
ALY,FF,LTA,45.69230769230769,24.8,-20.892307692307693,0.42855550822071786,91,5,42.69,-73.83
AMA,FF,LTA,60.824561403508774,67.71428571428571,6.889724310776934,0.16190258339570174,57,7,35.23,-101.7
ARX,FF,LTA,72.84126984126983,64.125,-8.716269841269835,0.689795229464413,126,8,43.82,-91.19
BGM,FF,LTA,53.73557692307692,51.022222222222226,-2.713354700854694,0.5568189235904161,208,45,42.21,-75.98
BMX,FF,LTA,54.50267379679144,40.375,-14.127673796791441,0.16221188679959608,187,24,33.17,-86.78
BOX,FF,LTA,38.3921568627451,43.07142857142857,4.679271708683473,0.7374279457547268,51,14,41.95,-71.13
BRO,FF,LTA,54.82,56.333333333333336,1.5133333333333354,0.6146469708378027,50,6,25.91,-97.41
BTV,FF,LTA,65.55813953488372,56.0,-9.558139534883722,0.909855910625043,86,5,44.46,-73.15
BUF,FF,LTA,43.29213483146067,42.42857142857143,-0.8635634028892412,0.7073646832583347,89,14,42.94,-78.71
CAE,FF,LTA,40.63636363636363,33.357142857142854,-7.279220779220779,0.8709677376090514,121,14,33.94,-81.12
CHS,FF,LTA,132.97368421052633,21.263157894736842,-111.71052631578948,1.2392535247416472e-05,38,19,32.89,-80.02
CRP,FF,LTA,53.17796610169491,44.5,-8.677966101694913,0.2710709049293978,118,6,27.77,-97.5
CTP,FF,LTA,58.25409836065574,38.371428571428574,-19.882669789227165,0.06347245686742888,122,35,40.79,-77.86
DDC,FF,LTA,56.666666666666664,13.428571428571429,-43.238095238095234,0.025546445408572503,51,7,37.76,-99.96
DLH,FF,LTA,71.45283018867924,70.875,-0.5778301886792434,0.5711820688520189,53,8,46.83,-92.21
DMX,FF,LTA,81.58426966292134,63.714285714285715,-17.86998394863563,0.8823506190383807,89,7,41.73,-93.72
DVN,FF,LTA,60.97241379310345,60.44,-0.5324137931034514,0.7480371607064609,145,25,41.61,-90.58
EAX,FF,LTA,71.6583850931677,60.84375,-10.814635093167695,0.5259776820336814,161,32,38.8,-94.26
EPZ,FF,LTA,51.54838709677419,56.666666666666664,5.118279569892472,0.33745497963889237,62,39,31.8728,-106.6982
EWX,FF,LTA,73.45724907063197,75.23913043478261,1.7818813641506352,0.522532449538855,269,46,29.7044,-98.0289
FFC,FF,LTA,83.22488038277513,47.869565217391305,-35.35531516538382,0.04173551984760326,209,23,33.36,-84.56
FGF,FF,LTA,101.1086956521739,17.428571428571427,-83.68012422360248,0.014496473691686234,46,7,47.9219,-97.0981
FGZ,FF,LTA,83.92397660818713,94.72727272727273,10.803296119085601,0.5918181684434438,342,22,35.23,-111.82
FSD,FF,LTA,62.70175438596491,67.55555555555556,4.853801169590646,0.6341206443229292,114,9,43.5874,-96.7297
FWD,FF,LTA,59.669201520912544,51.44705882352941,-8.222142697383134,0.06126315540079475,263,85,32.8349,-97.2988
GJT,FF,LTA,50.11864406779661,63.5,13.381355932203391,0.3572308763495974,59,10,39.11,-108.52
GSP,FF,LTA,79.3360655737705,62.36363636363637,-16.97242921013413,0.7428531444489168,244,11,34.88,-82.22
GYX,FF,LTA,61.333333333333336,66.6,5.266666666666659,0.5379063175397093,114,5,43.89,-70.25
HNX,FF,LTA,71.25,58.111111111111114,-13.138888888888886,0.6496863151887775,36,9,36.31,-119.63
HUN,FF,LTA,46.707317073170735,71.66666666666667,24.959349593495936,0.03653224872789354,82,18,34.72,-86.65
ICT,FF,LTA,67.12280701754386,33.9375,-33.18530701754386,0.02488356563078272,114,16,37.65,-97.44
ILM,FF,LTA,97.18518518518519,52.333333333333336,-44.851851851851855,0.15955166893529393,108,9,34.27,-77.91
ILN,FF,LTA,55.25321888412017,62.57692307692308,7.323704192802907,0.8273704218765146,233,26,39.42,-83.82
ILX,FF,LTA,64.65789473684211,53.375,-11.28289473684211,0.7134616568578851,114,8,40.15,-89.33
IND,FF,LTA,69.46078431372548,67.6875,-1.7732843137254832,0.38717209115081375,102,16,39.7,-86.28
JAN,FF,LTA,61.210896309314585,49.44827586206897,-11.762620447245617,0.37951955473767207,569,29,32.31,-90.08
JAX,FF,LTA,92.96428571428571,20.2,-72.7642857142857,0.012903688406271274,28,5,30.48,-81.7
JKL,FF,LTA,53.651428571428575,70.57692307692308,16.925494505494505,0.4382384552869527,175,26,37.59,-83.31
LBF,FF,LTA,81.225,58.666666666666664,-22.55833333333333,0.9479678078926417,40,6,41.13,-100.7
LCH,FF,LTA,77.08928571428571,67.78048780487805,-9.308797909407659,0.9546013919216447,336,41,30.12,-93.21
LIX,FF,LTA,58.610169491525426,48.5,-10.110169491525426,0.9718064015860318,236,28,30.33,-89.82
LMK,FF,LTA,51.21653543307087,91.29032258064517,40.0737871475743,0.010307057495278469,254,62,38.11,-85.64
LOT,FF,LTA,47.62337662337662,31.894736842105264,-15.728639781271358,0.18534830456022922,77,19,41.6,-88.08
LOX,FF,LTA,59.75,66.17241379310344,6.422413793103445,0.9103376134953923,72,29,34.2,-119.13
LSX,FF,LTA,72.86363636363636,42.26315789473684,-30.600478468899517,0.0371626219903877,220,19,38.69,-90.68
LUB,FF,LTA,57.1,41.666666666666664,-15.433333333333337,0.2940722785066753,40,15,33.52,-101.87
LWX,FF,LTA,50.23754789272031,44.42857142857143,-5.808976464148877,0.4321623301049158,261,91,38.97,-77.47
LZK,FF,LTA,65.24620060790274,98.09433962264151,32.84813901473878,0.002716429399429528,329,53,34.83,-92.25
MAF,FF,LTA,58.59230769230769,74.46428571428571,15.871978021978016,0.463445339534718,130,28,31.94,-102.18
MEG,FF,LTA,67.78923766816143,62.166666666666664,-5.622571001494769,0.8877839165165433,223,48,35.13,-89.8
MHX,FF,LTA,95.02702702702703,49.785714285714285,-45.24131274131275,0.0662174387421242,74,14,34.77,-76.87
MKX,FF,LTA,66.89583333333333,44.285714285714285,-22.610119047619044,0.5698013453415929,48,7,42.96,-88.54
MLB,FF,LTA,100.08333333333333,43.5,-56.58333333333333,0.06397748914910029,12,8,28.11,-80.65
MOB,FF,LTA,81.89952153110048,57.07142857142857,-24.828092959671906,0.8172548457788285,209,14,30.67,-88.23
MPX,FF,LTA,78.4090909090909,42.44444444444444,-35.964646464646464,0.11510283652968631,44,9,44.849,-93.5656
MRX,FF,LTA,48.71808510638298,50.0,1.2819148936170208,0.7745991195537936,188,36,36.16,-83.4
MTR,FF,LTA,126.38461538461539,95.6,-30.784615384615392,0.5028011204481793,13,5,36.59,-121.85
OAX,FF,LTA,60.858695652173914,56.166666666666664,-4.69202898550725,1.0,92,6,41.3201,-96.3672
OHX,FF,LTA,48.07943925233645,111.03333333333333,62.95389408099688,0.0036420553875819244,214,30,36.24,-86.56
OKX,FF,LTA,39.28163265306122,36.82608695652174,-2.455545696539481,0.47301339783505914,245,23,40.86,-72.86
OUN,FF,LTA,44.88996763754045,75.26315789473684,30.373190257196384,0.03996330259335385,309,38,35.23,-97.46
PAH,FF,LTA,66.21406727828746,104.11764705882354,37.90357978053608,0.10780741889265154,327,51,37.06,-88.77
PBZ,FF,LTA,43.380239520958085,46.03225806451613,2.652018543558043,0.3131574204762133,334,93,40.53,-80.21
PHI,FF,LTA,47.948640483383684,35.03636363636364,-12.912276847020046,0.20131501381461248,331,55,40.0136,-74.8174
PSR,FF,LTA,66.77985948477752,52.184615384615384,-14.595244100162134,0.01759174290026597,427,65,33.43,-112.02
PUB,FF,LTA,46.445859872611464,32.333333333333336,-14.112526539278129,0.4048351089015806,157,6,38.27,-104.52
RAH,FF,LTA,59.05035971223022,52.87755102040816,-6.1728086918220555,0.8140586514300372,278,49,35.77,-78.68
REV,FF,LTA,49.0,37.166666666666664,-11.833333333333336,0.6293843093886573,13,6,39.56,-119.79
RLX,FF,LTA,47.155080213903744,46.40229885057471,-0.752781363329035,0.9950094324821104,374,87,38.31,-81.71
RNK,FF,LTA,69.32014388489209,37.707317073170735,-31.612826811721355,0.0015055997880359287,278,41,37.2,-80.41
SGF,FF,LTA,87.57990867579909,96.69444444444444,9.114535768645354,0.7116628733698794,438,36,37.23,-93.4
SGX,FF,LTA,46.24038461538461,91.0,44.75961538461539,0.014197685792632963,104,8,32.91,-117.06
SHV,FF,LTA,75.73870967741935,60.0,-15.738709677419351,0.4466888765888043,310,60,32.45,-93.84
SJT,FF,LTA,66.34883720930233,72.0,5.6511627906976685,0.35233193095418436,86,30,31.37,-100.49
SLC,FF,LTA,70.54629629629629,68.11111111111111,-2.4351851851851762,0.841994514266592,216,18,40.77,-111.95
TAE,FF,LTA,74.79381443298969,63.470588235294116,-11.323226197695575,0.773955227331851,291,17,30.45,-84.3
TOP,FF,LTA,70.89344262295081,126.875,55.981557377049185,0.03304173104834495,122,8,39.07,-95.63
TSA,FF,LTA,78.17261904761905,60.26923076923077,-17.903388278388285,0.3557836772711823,168,26,36.14,-95.86
TWC,FF,LTA,50.731884057971016,53.0,2.2681159420289845,0.7988432918755032,138,17,32.22,-110.95
VEF,FF,LTA,60.375,53.55813953488372,-6.816860465116278,0.5280813681780184,424,43,36.04,-115.18
